PLAYER,AGE,TM,MAIN POS,OTHER POS,PA,AB,R,H,1B,2B,3B,HR,RBI,SB,CS,BB,K,AVG,OBP,SLG,OPS,WERTH Roto Value,Pos-Adjusted WERTH Value,ADP
Shohei Ohtani,31,LAD,DH,SP,679.40195,576,122.9582714,161.571744,83.72090643,26.66142794,5.177924976,46.01148465,114.8195817,24.69350255,5.48479078,95.00743413,168.9774025,0.2805065,0.384211815,0.584415757,0.968627572,14.11557221,16.92478478,2
Aaron Judge,33,NYY,OF,,634.3999,510,100.1262919,145.302417,76.88756484,23.80756142,1.257638583,43.34965216,107.974206,8.607097648,2.598777258,113.6790156,160.4178055,0.2849067,0.418988284,0.591518063,1.010506347,9.74101667,12.81893768,2
Bobby Witt Jr.,25,KC,SS,,661.98145,601,93.53829622,173.5449403,101.9566415,37.38757659,6.615491628,27.58523061,91.54576228,32.99727502,9.142588526,49.29070058,115.7182581,0.2887603,0.348193071,0.510680852,0.858873923,9.290953536,12.50094839,3
Juan Soto,27,NYM,OF,,669.43785,532,102.0051057,144.3564976,82.95518614,23.82354307,1.262557641,36.31521074,97.0849293,23.29829265,4.752696305,124.696343,120.8856219,0.2713468,0.414535506,0.525659376,0.940194883,8.979011979,12.05693299,3
Julio Rodriguez,25,SEA,OF,,664.69075,607,87.759373,165.7615024,104.6178866,28.50595725,2.512083087,30.12557546,96.02728153,26.26000217,6.229733851,47.37993472,146.8588847,0.2730832,0.329888097,0.477213101,0.807101198,7.590378636,10.66829965,9
Jose Ramirez,33,CLE,3B,,648.5914,570,86.25647472,156.596214,93.51944199,32.59256429,2.703239805,27.78096792,90.0077687,31.60353704,6.447664129,63.8378196,76.323168,0.2747302,0.356884926,0.48761081,0.844495736,7.321433669,10.46395678,5
Corbin Carroll,25,ARI,OF,,632.7668,547,99.1423556,141.9696928,75.12877924,28.90530444,10.91146048,27.02414864,88.02924878,33.67145754,6.198593444,68.45332713,133.7814228,0.2595424,0.353480406,0.500494267,0.853974673,7.234366025,10.31228704,11
Vladimir Guerrero Jr.,26,TOR,1B,,664.5656,577,87.94277822,169.7915974,105.6108898,32.15525659,0.797880432,31.22757056,100.272396,4.907186745,2.252676724,75.84071365,95.8210999,0.2942662,0.380955267,0.515121883,0.89607715,7.188886689,10.39523834,19
Elly De La Cruz,24,CIN,SS,,653.3434,584,91.36431989,152.8087392,92.46256533,30.43260626,6.163023607,23.750544,84.51690015,40.1768736,10.14575123,65.22595386,173.9882294,0.2616588,0.333822282,0.456881892,0.790704174,6.8296676,10.03966245,8
Ronald Acuna Jr.,28,ATL,OF,,608.8535,516,96.09236792,146.3525124,93.00077512,24.15786662,1.974851677,27.21901898,75.06890962,22.98221307,4.802011769,86.00005405,126.533744,0.2836289,0.387009963,0.496351045,0.883361008,6.484856005,9.562777019,8
Fernando Tatis Jr.,27,SD,OF,,644.37655,562,92.25719615,152.1183384,93.92024358,27.22721128,2.28193819,28.68894535,84.39088114,24.53979839,5.436861223,73.34837997,128.7086704,0.2706732,0.358006829,0.480384808,0.838391637,6.470613822,9.548534835,13
Gunnar Henderson,24,BAL,SS,,661.76475,586,92.82149571,159.8466774,94.47510953,33.76826239,4.17753059,27.4257749,84.91775467,23.12578731,4.881905042,67.92746716,139.8024324,0.2727759,0.350137391,0.485063696,0.835201087,6.451028925,9.661023777,16
Junior Caminero,22,TB,3B,,629.50425,570,77.75115606,154.288227,91.36032277,25.14565331,0.95084408,36.83140684,105.9022752,5.872656585,1.690666306,44.73688424,120.6068145,0.2706811,0.333201832,0.511982086,0.845183918,5.886891244,9.029414359,16
Kyle Tucker,29,LAD,OF,,607.81725,520,85.78508372,140.059296,81.19465685,27.84307874,2.680981435,28.34057897,87.01767964,20.76663658,3.410607695,82.2690818,86.57537076,0.2693448,0.368463793,0.496703989,0.865167783,5.478378596,8.55629961,13
Jackson Chourio,21,MIL,OF,,631.84815,581,82.39628471,157.5612157,95.28174973,34.21514298,3.785687443,24.27863555,83.10238336,23.04421038,6.962893032,39.48766295,128.0500916,0.2711897,0.324081005,0.468474424,0.792555428,4.926720418,8.004641432,21
Pete Alonso,31,BAL,1B,,664.2515,595,80.73202853,153.487271,87.15758075,28.16548976,1.204758528,36.95944196,106.2399094,1.714098148,1.073662444,59.49651334,147.0050404,0.2579618,0.329227518,0.495698494,0.824926012,4.843698794,8.050050446,25
Francisco Lindor,32,NYM,SS,,639.5334,569,91.26625065,148.0369576,91.84187742,28.22260779,1.744487993,26.2279844,78.79225888,23.49502443,4.474617947,57.94369804,116.8172567,0.2601704,0.336063137,0.454187161,0.790250298,4.83711142,8.047106272,20
Brent Rooker,31,ATH,OF,,641.925,570,81.7873382,150.096219,84.84786771,31.09506309,1.865435712,32.28785248,98.69708362,6.286234856,1.66867311,63.09613528,158.5098383,0.2633267,0.339898956,0.494360896,0.834259853,4.631064092,7.708985106,44
Kyle Schwarber,32,PHI,DH,,665.7157,550,92.27726826,125.90325,63.65411496,19.96903607,1.045222285,41.23487668,101.5020651,6.765667325,2.205274552,98.72874974,189.1101855,0.228915,0.356749517,0.493940656,0.850690172,4.515266137,7.31623985,20
Pete Crow-Armstrong,23,CHC,OF,,607.8863,566,81.48675219,142.5423456,84.02343896,29.15888452,5.395234595,23.96478752,82.53799873,33.06031247,8.038855884,34.48650888,144.5834098,0.2518416,0.297615316,0.449445339,0.747060655,4.43868504,7.516606053,29
Trea Turner,32,PHI,SS,,622.03075,569,83.21264734,160.6398524,110.1021799,28.49932569,3.950075911,18.08827092,68.9998615,26.9591938,4.771260902,42.17579083,114.1443283,0.2823196,0.337882211,0.441659302,0.779541512,4.373268015,7.583262866,28
Nick Kurtz,22,ATH,1B,,579.42765,503,84.49504317,130.466128,67.57347979,25.8903495,1.596843517,35.4054552,89.66084917,3.4805468,1.268062005,69.32067119,167.3882305,0.259376,0.351026781,0.528362883,0.879389664,3.973170447,7.179522099,18
Zach Neto,25,LAA,SS,,624.8643,568,81.04406393,143.6804848,85.29347943,30.09700054,1.427168416,26.86283642,75.18593899,26.41939245,8.40782844,44.05425502,150.0962697,0.2529586,0.315385006,0.452852696,0.768237702,3.649415396,6.859410248,34
Freddie Freeman,36,LAD,1B,,628.18035,533,80.26186901,149.6171508,92.63695019,32.9581132,1.955491943,22.06659546,87.29424187,7.293140991,1.977514809,66.99640458,117.285579,0.2807076,0.384026522,0.474082616,0.858109138,3.558627596,6.764979248,51
Mookie Betts,33,LAD,SS,,624.2753,547,84.96919232,149.1326578,93.94168438,29.91279337,2.567001317,22.71117873,83.31595967,8.526212323,2.285008649,70.82396811,75.73878223,0.2726374,0.357093454,0.461266892,0.818360346,3.38645447,6.596449321,46
Cal Raleigh,29,SEA,C,,626.0468,518,79.60758359,119.782579,59.4088631,21.53899869,0.429675422,38.40504178,99.81348297,7.887713505,2.505174965,76.85142483,165.4510973,0.2312405,0.358359051,0.496903579,0.85526263,3.350923464,7.187811649,15
James Wood,23,WSN,OF,,624.8207,539,79.95478082,140.4771445,81.24643501,30.52650452,2.487574977,26.21662999,81.23708413,15.64312687,5.748703102,76.78735699,185.2262675,0.2606255,0.356067868,0.472409441,0.828477309,3.237668053,6.315589066,32
Bryce Harper,33,PHI,1B,,606.35915,526,74.63768533,143.8908242,84.89848164,32.00923509,0.551663833,26.43144364,83.81825557,9.73953103,2.905766147,72.2049212,128.9884375,0.2735567,0.363483853,0.487258019,0.850741871,3.212215697,6.418567349,37
Ketel Marte,32,ARI,2B,,602.0847,526,79.47300503,144.8868052,86.99753814,29.2340947,2.639611052,26.0155613,79.64763808,5.183155796,1.499070569,66.1813453,98.57749956,0.2754502,0.360840213,0.489442597,0.85028281,2.894603182,6.116677892,27
Yordan Alvarez,28,HOU,OF,,527.1365,455,68.09383052,134.805944,78.746714,27.3170711,1.107702023,27.63445688,77.94367697,2.934929273,1.206538123,64.18242401,85.73295531,0.2962768,0.386536065,0.543388549,0.929924614,2.782862198,5.860783211,32
Matt Olson,31,ATL,1B,,668.9835,577,81.98467092,145.7175418,83.05872542,30.73800996,1.350910129,30.5698963,93.54742338,1.218409905,0.086872236,80.15794373,156.9982072,0.2525434,0.348854017,0.469440314,0.81829433,2.754403807,5.960755459,36
Riley Greene,25,DET,OF,,626.2544,551,78.35798275,144.0353672,87.53326344,25.97915493,2.720545701,27.80240312,91.30060187,3.228387179,1.706180283,55.83448152,166.1701834,0.2614072,0.34388229,0.469805486,0.813687776,2.752425407,5.830346421,60
Rafael Devers,29,SF,1B,,664.31545,565,84.80350569,142.3476255,82.07958722,28.58400564,1.291537134,30.3924955,89.14338618,1.982882612,0.949103245,86.37074999,160.8014354,0.2519427,0.357679678,0.468481756,0.826161434,2.688978606,5.895330258,39
Josh Naylor,28,SEA,1B,,600.0071,528,66.61491906,140.648376,91.4712524,26.07774955,0.456499529,22.64287452,85.91645503,18.21691393,3.265515675,50.83926848,90.01563785,0.2663795,0.348236827,0.446151038,0.794387866,2.647593572,5.853945224,56
CJ Abrams,25,WSN,SS,,623.8474,580,80.74247131,147.204,92.57079979,30.31200737,4.712452902,19.60873994,66.39154181,30.41515107,5.85590841,37.70606115,120.146567,0.2538,0.299805912,0.423736436,0.723542349,2.547714874,5.757709726,66
Jazz Chisholm Jr.,28,NYY,3B,2B,569.18485,506,71.83922474,120.8013268,74.62645585,17.45546765,1.930446563,26.78895674,77.48065266,29.95307016,7.51220299,56.60430096,148.3788854,0.2387378,0.316691052,0.439692802,0.756383854,2.505542039,6.148065154,22
Manny Machado,33,SD,3B,,624.3675,561,72.72110739,148.0876749,95.17635857,26.61356299,0.639801358,25.65795199,86.16981743,8.81836475,2.448472797,52.96711951,121.6194787,0.2639709,0.332904511,0.450899637,0.783804148,2.453290952,5.595814067,30
Cody Bellinger,30,NYY,OF,,602.6235,544,75.80168226,142.4496096,91.39380829,24.80045418,2.368981306,23.88636582,85.03131939,11.00765986,2.845098887,50.607163,88.07402922,0.2618559,0.327726355,0.447880742,0.775607097,2.446832554,5.524753568,55
Wyatt Langford,24,TEX,OF,,610.7957,532,77.690404,135.9895208,81.66792928,28.7433675,2.135564758,23.44265926,73.60824257,21.2093678,5.726293897,70.70395663,137.6859126,0.2556194,0.345156724,0.449872172,0.795028897,2.414138292,5.492059306,47
Maikel Garcia,25,KC,3B,"2B,SS",644.01005,576,79.08977174,155.9319552,107.6457177,31.30474687,4.133911919,12.84757875,65.5499884,26.81763188,6.799304843,55.03598238,95.21133689,0.2707152,0.341394981,0.406332052,0.747727034,2.283466949,5.925990064,68
Michael Harris II,24,ATL,OF,,576.1684,543,67.26786298,148.0108314,94.91429283,28.49333854,3.39143233,21.21176769,76.12370306,17.8270415,5.124377708,24.95390099,113.3990428,0.2725798,0.308307333,0.45473727,0.763044603,2.245507419,5.323428432,100
Bo Bichette,27,NYM,SS,,618.49375,571,70.93309711,165.1393668,114.9212225,30.88745929,1.624564663,17.70612035,78.61342593,5.168600948,2.894443338,41.42150259,96.66507697,0.2892108,0.337583219,0.44202157,0.779604789,2.155003398,5.36499825,80
Nico Hoerner,28,CHC,2B,,633.3993,583,73.26065324,163.8891122,125.2419129,27.1178761,3.563028116,7.966295052,60.8668671,26.31949732,5.971475832,42.08352685,59.75632683,0.2811134,0.33271976,0.38084379,0.71356355,1.56233832,4.784413029,91
Jarren Duran,29,BOS,OF,,613.32375,538,78.60183644,138.985037,83.47320762,32.97742381,6.698929759,15.83547582,70.40074967,22.32088151,5.095090002,50.44462784,145.027765,0.2583365,0.343819691,0.432837821,0.776657512,1.559450276,4.637371289,65
Eugenio Suarez,34,CIN,3B,,604.02625,544,72.46851737,127.7950656,69.49537619,23.33369524,0.892790351,34.07320382,94.41639471,2.872505981,1.013971152,53.46571356,177.4417792,0.2349174,0.304513295,0.468996237,0.773509532,1.479188352,4.621711466,82
Teoscar Hernandez,33,LAD,OF,,570.54885,517,68.47214069,134.2283998,80.45782292,26.49905417,1.287854268,25.98366844,85.98287629,5.663686787,2.170066366,36.87648585,148.404911,0.2596294,0.32327191,0.466642491,0.789914401,1.440036503,4.517957517,114
Yandy Diaz,34,TB,1B,,616.7901,552,69.30631307,159.0798864,111.3544802,27.37207434,0.618718679,19.73461315,72.86673039,2.302898831,0.971779245,58.01777844,89.6986185,0.2881882,0.356696636,0.447270358,0.803966994,1.424507979,4.630859631,124
William Contreras,28,MIL,C,,618.1064,537,76.19714595,144.428835,96.28662433,27.30326247,1.000262831,19.83868536,78.35765443,6.127855361,2.431321404,74.44519935,119.8948315,0.268955,0.358858772,0.434355082,0.793213855,1.42022482,5.257113005,57
Geraldo Perdomo,26,ARI,SS,,632.692,541,81.68536365,143.8686169,99.35951036,26.86992598,4.283326179,13.35585438,63.52385508,21.12715752,5.253641345,79.0298685,79.66501391,0.2659309,0.366647378,0.405494932,0.77214231,1.392071241,4.602066092,60
Vinnie Pasquantino,28,KC,1B,,615.7108,553,65.71807743,145.4605117,86.90469325,30.15544997,1.506708488,26.89365999,89.62120334,1.114126825,0.120574019,52.09215704,90.83337019,0.2630389,0.332392029,0.468915658,0.801307687,1.384650669,4.591002321,81
George Springer,36,TOR,OF,,576.55155,511,76.24880561,131.3052825,84.03449646,21.75343886,2.071124011,23.44622317,71.61029824,13.27401426,2.545913132,59.7936242,111.1277139,0.2569575,0.335478604,0.445283051,0.780761654,1.376869024,4.454790037,74
Jeremy Pena,28,HOU,SS,,597.99295,549,72.00526709,149.3295372,103.7230674,26.54345476,1.910566279,17.15244874,66.81142891,17.04012317,4.44085078,36.18574653,112.8485604,0.2720028,0.32514751,0.42104093,0.74618844,1.33826253,4.548257382,93
Austin Riley,28,ATL,3B,,610.2418,552,72.06856039,143.706024,88.15982197,27.46611728,2.1779794,25.90210535,81.509729,2.854877323,1.207186262,45.40737713,150.4676922,0.260337,0.325138603,0.458758,0.783896603,1.204452492,4.346975606,60
Randy Arozarena,30,SEA,OF,,657.1759,585,79.22925441,136.505187,86.33840996,26.42376929,1.382045099,22.36096265,75.03416586,23.80771967,6.891655923,64.32327438,171.2258341,0.2333422,0.311858501,0.39790758,0.709766081,1.187317064,4.265238078,85
Willy Adames,30,SF,SS,,655.6209,570,79.94382858,134.305908,80.79163252,26.08107765,1.472444699,25.96075313,82.66692301,11.48853309,3.785617372,70.9476161,161.2001385,0.2356244,0.32979543,0.423182692,0.752978122,1.120372877,4.330367728,116
Jackson Merrill,22,SD,OF,,590.7419,541,70.18957017,145.6973051,88.44809879,30.88559719,4.637106508,21.72650262,76.55244186,6.209574077,2.766066823,39.68388799,111.6538221,0.2693111,0.325392888,0.464023333,0.789416221,1.105518658,4.183439672,60
Brice Turang,26,MIL,2B,,629.68945,562,74.36629116,144.8451592,103.4310667,24.93529732,2.631281782,13.84751343,64.53645246,26.69339055,6.338455457,58.8441463,127.3538572,0.2577316,0.33157197,0.385383559,0.716955529,1.003299604,4.225374313,46
Byron Buxton,32,MIN,OF,,513.18815,461,72.2107356,114.5550425,60.27051042,24.29402105,3.821242246,26.16926879,67.36501335,17.05661497,1.434551025,39.63066188,135.8344831,0.2484925,0.319186262,0.488068014,0.807254276,0.990644013,4.068565027,71
Andy Pages,25,LAD,OF,,575.7189,530,68.98306542,135.503934,80.91309584,28.76760892,1.782813297,24.04041595,79.05861783,10.21635827,4.208573545,38.50465909,120.3891596,0.2556678,0.308898594,0.452751731,0.761650325,0.988586693,4.066507707,133
Seiya Suzuki,31,CHC,OF,,599.0668,525,70.8048263,133.631715,80.240084,25.89292332,3.379883052,24.11882462,82.95621458,6.636599105,2.876441112,67.55385422,146.7308112,0.2545366,0.340237289,0.454554054,0.794791343,0.952114379,4.030035392,86
Steven Kwan,28,CLE,OF,,645.3871,579,77.60317916,160.7834364,120.9573436,26.13543957,2.571335773,11.1193175,56.40644564,18.74838439,4.646501811,57.81297495,57.72201199,0.2776916,0.345510781,0.389325561,0.734836342,0.949194293,4.027115307,152
Shea Langeliers,28,ATH,C,,526.2112,479,66.54703302,121.4052324,66.65930305,24.80507235,1.438369039,28.50248796,81.0713315,5.316173175,1.600983396,40.38265634,115.5846696,0.2534556,0.314909881,0.489758887,0.804668768,0.824969018,4.661857203,68
Ceddanne Rafaela,25,BOS,OF,2B,575.9622,540,70.90177205,138.575826,88.98399198,28.7810674,3.353008256,17.45775837,69.08242094,21.02776639,6.719882266,27.76472367,120.760964,0.2566219,0.297464793,0.419326269,0.716791062,0.811476957,4.38939797,157
Jose Altuve,35,HOU,OF,2B,596.22375,533,72.86365033,141.5208275,94.73533909,25.4502971,1.237899412,20.09729189,66.17468983,12.04315686,4.186794389,50.82464616,103.0123065,0.2655175,0.336989639,0.431029642,0.768019281,0.742111533,4.320032546,98
Oneil Cruz,27,PIT,OF,,541.7071,468,68.66176453,110.925126,64.10952565,21.65142675,3.43638393,21.72778967,64.66386977,29.72170447,5.446858031,58.81394092,165.9683622,0.2370195,0.334884346,0.437249337,0.772133683,0.614689542,3.692610555,89
Hunter Goodman,26,COL,C,,546.33725,506,65.7816666,130.0954336,70.75573174,28.53445479,2.873261681,27.93198538,81.16652248,1.911909019,1.295711724,35.54989436,138.7442003,0.2571056,0.305472679,0.490459225,0.795931904,0.573842445,4.41073063,74
Luis Arraez,28,SF,1B,2B,624.80395,560,67.45523579,172.28764,135.4254627,27.69526833,2.974439292,6.192469655,57.91351246,8.58582685,3.134513262,33.47409813,26.5996755,0.3076565,0.373232136,0.400909278,0.774141415,0.514514841,4.220866493,250
Michael Busch,28,CHC,1B,,581.9529,516,74.56905583,128.6214108,73.6848546,25.76394588,2.834897138,26.33771319,77.37240602,3.357363724,0.717555723,62.42181256,139.417195,0.2492663,0.328871495,0.463310641,0.792182136,0.468744073,3.675095724,105
Lawrence Butler,25,ATH,OF,,568.32995,504,71.42550864,123.2545104,73.98791034,25.84150036,1.9174253,21.50767439,69.49907306,19.09375492,4.907644482,51.37741149,148.583734,0.2445526,0.323608719,0.43145612,0.75506484,0.420855279,3.498776292,132
Trevor Story,33,BOS,SS,,574.5562,535,66.8477333,133.5936195,86.96808644,25.60751873,1.253105993,19.76490834,68.68839679,22.12646117,3.084390567,32.85650657,148.4485864,0.2497077,0.295063646,0.413087991,0.708151637,0.416002633,3.625997485,108
Christian Yelich,34,MIL,OF,,573.58645,504,69.36475793,129.2937912,88.03404625,20.75861156,1.551108324,18.95002506,70.94850013,15.32233714,4.14857102,63.57172307,138.4666072,0.2565353,0.341147614,0.416675981,0.757823596,0.363020726,3.440941739,99
Taylor Ward,32,BAL,OF,,623.56405,547,72.79505935,133.3259988,80.33973765,25.34777363,1.61955693,26.01893059,81.34260893,4.286079963,1.849104349,65.17106107,148.6870776,0.2437404,0.330685019,0.438701422,0.769386441,0.279919045,3.357840058,121
Roman Anthony,21,BOS,OF,,594.3972,503,79.52927889,132.9072876,83.07833695,29.72172485,2.421780459,17.68544534,63.02894396,9.024877164,3.469261423,76.99348499,148.6219866,0.2642292,0.371228628,0.438427255,0.809655883,0.274854366,3.35277538,49
Corey Seager,31,TEX,SS,,527.62685,462,63.57725963,125.7188394,76.35750043,23.66173491,0.514779069,25.18482499,71.58229494,2.553300801,0.411059624,59.36341424,95.82726165,0.2721187,0.357206788,0.489100882,0.84630767,0.259896724,3.469891576,88
Konnor Griffin,19,PIT,SS,,489.89465,451,74.19007012,116.9455628,81.13530146,21.03285082,2.097782941,12.67962757,58.89559489,25.18140764,7.232422936,31.67927601,129.5929841,0.2593028,0.311944784,0.39958506,0.711529844,0.25027408,3.460268931,213
Ezequiel Tovar,24,COL,SS,,608.3255,571,69.80503428,150.9486464,94.25450273,33.05668774,3.776542471,19.86091346,68.6375561,8.156661407,3.90290321,31.21733885,144.0102731,0.2643584,0.303481734,0.439826899,0.743308633,0.21196955,3.421964402,227
Tyler Soderstrom,24,ATH,OF,1B,561.0751,504,63.24960789,129.1582152,75.77871798,27.07283991,1.412283163,24.89437415,80.02422155,5.385853745,2.243864097,47.62467335,126.155018,0.2562663,0.326176531,0.463767349,0.78994388,0.20404824,3.781969253,85
Jacob Wilson,23,ATH,SS,,548.9093,512,63.02442676,152.7515648,111.5960117,27.12986274,1.455210824,12.57047952,63.76863871,5.821577021,2.154960972,29.31883726,42.03331793,0.2983429,0.339768866,0.430670484,0.77043935,0.167150496,3.377145348,156
Heliot Ramos,26,SF,OF,,616.9414,554,72.05733172,141.9208392,93.55649018,24.99289917,1.988365535,21.38308431,73.08959194,6.442185399,2.90947503,48.71885731,142.7044265,0.2561748,0.325826773,0.424259427,0.750086199,0.120697932,3.198618945,218
Brandon Nimmo,32,TEX,OF,,625.0285,560,73.68297167,141.351448,93.95316168,23.7908555,2.463735837,21.14369499,69.8102448,9.15773851,2.100820389,58.14369016,133.1997731,0.2524133,0.324585949,0.416965822,0.74155177,0.027644717,3.105565731,131
Ian Happ,31,CHC,OF,,642.67695,551,76.95786877,132.9483656,80.12295791,29.59328277,1.431925581,21.80019935,76.24865529,7.61876831,2.404300014,83.61595204,147.6098135,0.2412856,0.3437909,0.41888584,0.762676739,-0.111526145,2.966394869,152
Chandler Simpson,25,TB,OF,,474.69805,438,60.51454009,125.6782746,105.0856403,15.81313599,2.925107287,1.854390974,38.46505765,44.62955684,10.62587971,27.48255734,50.24889432,0.2869367,0.33549654,0.349097713,0.684594253,-0.12157322,2.956347794,164
Spencer Torkelson,26,DET,1B,,626.75345,552,76.03977116,128.4119808,72.28242591,27.69616858,1.166042235,27.26734408,83.8315049,2.027672845,0.483605424,67.48629758,157.540714,0.2326304,0.318658923,0.435221497,0.753880419,-0.131998693,3.074352959,183
Gleyber Torres,29,DET,2B,,642.0793,561,75.66891355,145.5186315,100.1906745,26.27068574,1.20561853,17.85165269,68.97808189,5.771484461,2.244839158,71.9654663,107.7227573,0.2593915,0.34670356,0.405981305,0.752684865,-0.182465925,3.039608784,209
Alec Burleson,27,STL,OF,1B,568.7068,517,58.50592342,141.7732393,95.87913533,24.97669258,1.379108785,19.5383026,72.64154272,5.513215623,1.694623971,40.77594275,78.59907385,0.2742229,0.334552467,0.441243824,0.775796291,-0.21666025,3.361260764,184
Matt Chapman,32,SF,3B,,607.484,528,75.45197041,126.6041568,74.74715991,26.96456561,1.853264498,23.03916679,73.29562661,8.327025916,3.01924983,70.42364492,142.4371442,0.2397806,0.332739045,0.428774151,0.761513196,-0.272390872,2.870132242,145
Agustin Ramirez,24,MIA,C,,539.7061,491,66.80138033,120.897948,72.13248916,27.53577001,1.017698678,20.21199015,71.37834588,13.47355359,3.474894222,42.46720144,110.9362005,0.246228,0.308795227,0.429949258,0.738744486,-0.488617347,3.348270838,108
Adolis Garcia,32,PHI,OF,,562.92095,515,64.7263124,122.571133,72.80758688,24.4248944,1.100161796,24.23848993,76.85072265,11.32145223,3.837524814,37.91074352,144.2321517,0.2380022,0.296591853,0.430896739,0.727488593,-0.510615097,2.567305916,230
Jo Adell,26,LAA,OF,,548.2459,503,60.55573394,118.2988095,66.6119663,20.64376163,1.58333601,29.45974555,78.55053901,8.273788216,3.445603357,37.45793877,141.0943635,0.2351865,0.29249804,0.458227594,0.750725634,-0.521478664,2.55644235,125
Alex Bregman,31,CHC,3B,,625.8794,547,71.44581646,138.5010564,88.32110066,27.64681858,1.450283214,21.08285395,74.40041381,2.364920832,1.207748153,68.05667693,87.33214396,0.2532012,0.340979874,0.424674595,0.765654469,-0.525345597,2.617177517,93
Bryson Stott,28,PHI,2B,SS,579.20015,515,64.59166142,132.2115725,92.33642791,23.95982686,2.803014209,13.11230352,61.05090805,23.5776063,4.75639175,52.82790037,94.84505652,0.2567215,0.333529915,0.390513278,0.724043193,-0.573976064,3.148098645,184
Dansby Swanson,32,CHC,SS,,623.5215,559,71.4728379,134.4278728,89.1234258,23.76197664,2.105370009,19.43710035,69.94624094,14.83098957,3.512764593,54.98320806,155.5258561,0.2404792,0.313107064,0.394833436,0.7079405,-0.593286053,2.616708799,149
Luis Garcia Jr.,25,WSN,2B,,509.73735,475,58.69095768,128.70201,87.71958811,23.49124166,1.950140492,15.54103974,65.65976747,13.47200746,4.622911981,30.52180488,81.82204155,0.2709516,0.314159349,0.426771899,0.740931248,-0.687591117,2.534483593,252
Salvador Perez,35,KC,C,1B,588.4801,550,55.34085174,139.01063,85.11626181,26.84075606,0.858975637,26.1946365,84.61548575,0.120650321,0.246185236,30.25153457,122.185966,0.2527466,0.295319369,0.447551358,0.742870727,-0.709623338,3.627264847,100
Ozzie Albies,29,ATL,2B,,601.3412,550,66.76964028,139.64786,92.01951448,27.60689022,2.222589384,17.79886592,69.1689456,10.96699061,2.815023581,46.04542153,88.105471,0.2539052,0.311128139,0.409266412,0.720394552,-0.727599386,2.494475323,137
Masyn Winn,23,STL,SS,,623.3368,571,72.11064734,146.5132897,99.2422546,29.73784728,2.815601508,14.71758631,63.66102451,12.3356786,3.91966152,42.54910481,108.8622939,0.2565907,0.313198235,0.395858317,0.709056552,-0.735936163,2.474058689,283
Jakob Marsee,24,MIA,OF,,590.1074,514,71.17372912,118.3056324,74.24351854,25.85967536,4.793759278,13.40867923,58.75254938,33.9132403,10.41291743,70.48280968,122.52078,0.2301666,0.323222286,0.377390786,0.700613072,-0.757995027,2.319925987,130
Xavier Edwards,26,MIA,2B,SS,579.35585,523,64.84799858,147.3584403,116.0672023,22.81514159,4.00883672,4.467259697,46.72414353,26.22433409,6.300228207,50.3277626,74.7837418,0.2817561,0.345603797,0.366334674,0.71193847,-0.766246781,2.955827928,170
Marcus Semien,35,NYM,2B,,615.9047,549,74.14628936,132.7989276,87.03594358,24.19139625,2.185861977,19.38572579,71.30356674,9.278546719,2.20098259,56.11561955,99.98041436,0.2418924,0.317741116,0.399852869,0.717593985,-0.779346773,2.442727936,173
Bryan Reynolds,31,PIT,OF,,628.7982,559,68.00178833,141.6933076,92.60098258,26.18210664,3.554638589,19.35557979,73.61810637,4.928808606,1.934270004,56.56023776,150.6418256,0.2534764,0.330798539,0.416907747,0.747706286,-0.786654389,2.291266624,183
Alec Bohm,29,PHI,3B,1B,573.29095,519,61.38135271,142.9234656,100.6573076,24.96984876,2.319929257,14.97638001,70.67614633,2.86926485,0.90041926,39.31850632,84.10572847,0.2753824,0.338400342,0.41900253,0.757402872,-0.930590123,2.711932992,249
Luis Robert Jr.,28,NYM,OF,,512.83285,454,59.14188603,106.5568418,68.15964738,19.00596151,0.629056878,18.76217603,63.15160724,27.88679409,7.327666968,39.32838102,136.4736965,0.2347067,0.316644229,0.403320364,0.719964593,-0.959909906,2.118011108,124
Brenton Doyle,27,COL,OF,,549.04215,508,63.09761794,125.8491768,80.93471397,23.76987631,3.047918283,18.09666824,61.84170889,19.77276536,3.872788199,35.53287353,141.2270626,0.2477346,0.297679907,0.413395461,0.711075369,-0.960977548,2.116943465,184
Sal Stewart,22,CIN,1B,,496.6927,450,61.79491744,120.090105,78.60090053,23.11462063,0.47768266,17.89690118,67.0191405,7.438956388,2.099356664,39.79311809,92.78205931,0.2668669,0.329960314,0.439668432,0.769628746,-0.975084707,2.231266945,214
Munetaka Murakami,26,CHW,3B,,550.87105,462,64.39693163,104.5073568,58.80883682,16.93637415,0.570718858,28.19142697,76.04474657,8.283904521,3.720777606,72.27761283,197.8677472,0.2262064,0.345505339,0.448397077,0.793902416,-0.999496895,2.143026219,187
Ben Rice,27,NYY,C,1B,518.07805,455,65.89502938,111.1307015,62.01806935,22.79668733,1.761231013,24.5547138,72.15230199,4.158127838,2.069207614,54.11139899,104.7775536,0.2442433,0.329701218,0.463986796,0.793688014,-1.029700412,3.307187773,67
Yainer Diaz,27,HOU,C,,528.7105,493,57.88396531,133.8929826,88.98684233,23.89015095,1.375739081,19.64025024,71.24359879,1.021997448,0.451813944,24.22826544,93.29600938,0.2715882,0.31510911,0.445142723,0.760251833,-1.06944265,2.767445534,141
Ivan Herrera,25,STL,C,,525.0003,453,58.89734177,123.3601899,85.0294652,20.66406009,1.025595021,16.64106959,63.36619793,8.621711796,2.620525911,54.98293508,100.7941343,0.2723183,0.365628845,0.432668099,0.798296944,-1.185998341,2.650889843,158
Daylen Lile,23,WSN,OF,,547.92055,496,63.11311067,133.1307648,85.51875905,27.7675153,8.645380625,11.19910983,61.17161485,14.20984215,5.867873308,37.83134372,93.40341999,0.2684088,0.331131391,0.426988651,0.758120042,-1.239806272,1.838114742,219
Nolan Schanuel,24,LAA,1B,,589.32015,515,65.44324867,137.168396,97.21934579,23.13475258,1.478412353,15.33588527,61.20590697,6.15590796,1.412797655,64.24856766,79.60908576,0.2663464,0.353312562,0.406344911,0.759657472,-1.44938355,1.756968102,336
Xander Bogaerts,33,SD,SS,,569.3989,513,60.8288697,136.63242,96.88655183,25.32584139,1.428647657,12.99137912,55.49212856,15.68793672,2.889114838,48.28200962,101.8386293,0.26634,0.333447198,0.397250866,0.730698064,-1.509503375,1.700491477,238
Jordan Beck,24,COL,OF,,547.8473,496,61.60537068,124.6828432,78.58862183,26.24005701,3.310397752,16.5437666,59.73558994,16.19189241,5.35534006,46.14496505,151.3622041,0.2513767,0.316028618,0.417691523,0.733720141,-1.590366646,1.487554367,292
Mickey Moniak,27,COL,OF,,455.0197,425,56.39248543,111.2409025,65.18986573,21.9749197,4.569889356,19.50622772,62.75784675,9.086869338,3.611098622,23.60102587,108.8382098,0.2617433,0.304626629,0.472645374,0.777272003,-1.640890214,1.437030799,242
Kerry Carpenter,28,DET,OF,,469.4503,429,57.00575292,109.4050815,64.48236169,19.31080436,2.780034342,22.83188111,70.46215522,2.214591893,1.640663586,30.74830154,108.1181131,0.2550235,0.313073163,0.472661067,0.78573423,-1.70844521,1.369475803,236
Justin Crawford,22,PHI,OF,,464.89695,419,62.15537855,113.7046585,84.05010471,19.98905412,2.895518124,6.76998155,46.42328078,25.50575251,6.422288626,34.88115754,97.83336471,0.2713715,0.337870088,0.381371584,0.719241672,-1.742742066,1.335178948,303
Jackson Holliday,22,BAL,2B,,513.92625,450,70.30010968,112.366035,74.12854621,21.64608395,2.115066956,14.47633789,55.12463822,14.03724633,6.066597309,55.43479131,115.0617842,0.2497023,0.337637874,0.403713926,0.7413518,-1.821182529,1.400892181,148
Sal Frelick,25,MIL,OF,,529.87575,472,62.63623889,127.0599928,94.07674639,21.01805703,3.323383663,8.641805716,54.68542734,16.04708143,4.420906209,42.51568324,71.89315892,0.2691949,0.343254332,0.382733547,0.725987879,-1.88076141,1.197159603,211
Otto Lopez,27,MIA,2B,SS,555.93685,510,57.78433677,136.455141,98.38784856,24.02744455,2.996250988,11.0435969,57.66993077,14.3174956,5.296128293,38.62484498,83.5720498,0.2675591,0.322032311,0.391384075,0.713416386,-1.940527841,1.781546868,242
Caleb Durbin,26,BOS,3B,2B,516.99985,473,59.08868934,122.8232951,84.96076343,25.08587854,2.031630572,10.74502256,53.92379789,21.10807923,6.37157778,35.24038428,56.57489421,0.2596687,0.316363786,0.389445037,0.705808822,-1.956058891,1.686464223,255
Willson Contreras,33,BOS,1B,,532.82405,478,59.2238114,119.8044382,73.98284899,23.94224713,1.054644463,20.82469761,67.8860522,4.326853887,1.564390865,49.38989052,128.7222183,0.2506369,0.322184735,0.43583696,0.758021696,-1.973140449,1.233211203,166
Dylan Crews,24,WSN,OF,,527.7658,481,57.7721583,115.9473107,75.54688204,20.54140869,3.917376233,15.94164374,56.84182859,23.12474077,6.902834829,37.95146101,117.0435016,0.2410547,0.302797534,0.399476929,0.702274464,-2.059542506,1.018378508,191
Drake Baldwin,24,ATL,C,,520.6761,465,56.05556296,123.0079845,80.91175182,22.2528222,1.05304023,18.79037026,67.68299881,0.957855088,0.297925459,48.6594735,89.70847188,0.2645333,0.336745893,0.438146232,0.774892125,-2.071111292,1.765776892,105
Will Smith,30,LAD,C,,490.79025,424,63.40023217,108.5650304,68.52712171,20.56675641,1.139277143,18.33187514,65.20997304,2.427947762,1.426340295,58.62011984,94.50201819,0.2560496,0.351094092,0.439636713,0.790730805,-2.080939624,1.755948561,99
Luke Keaschall,23,MIN,2B,,478.18095,428,54.81853444,114.4023456,78.11549556,24.68077958,1.450350198,10.15572026,50.11117864,23.00137488,5.899563954,44.29679843,75.50219963,0.2672952,0.337938369,0.402922865,0.740861234,-2.090752837,1.131321872,124
Kazuma Okamoto,29,TOR,3B,,525.0523,467,57.52459064,115.1529067,68.92193044,23.59031343,0.46959938,22.17106345,73.07570735,1.646966843,1.076820739,50.73110745,108.7198414,0.2465801,0.324212663,0.441532354,0.765745017,-2.099476527,1.043046587,183
Christian Walker,34,HOU,1B,,569.9514,513,62.68918517,117.5231187,69.82451863,21.65165722,0.916251497,25.13069135,75.61037724,2.706491236,0.994967951,47.78063629,144.7306014,0.2290899,0.300360282,0.421831097,0.722191379,-2.134591374,1.071760278,184
Matt McLain,26,CIN,2B,,570.9239,508,66.5366203,119.0873412,77.31739237,22.29211904,2.238733519,17.23909626,59.11535772,16.88284003,3.754503371,55.73661085,155.0884559,0.2344239,0.312827859,0.388925622,0.701753481,-2.140502774,1.081571935,221
Jonathan Aranda,27,TB,1B,,527.0419,469,59.90396462,122.8671661,80.52909502,23.32980094,0.56048739,18.44778276,63.95869302,1.377445035,1.25854274,50.74623879,122.9544322,0.2619769,0.336643304,0.432113625,0.768756928,-2.160020029,1.046331623,187
Jake Burger,29,TEX,1B,,533.11175,500,55.33873819,121.40035,72.93827698,22.72797672,1.128222125,24.60587418,73.19108083,1.546701985,0.979445508,27.44254767,129.1310816,0.2428007,0.284365208,0.440404787,0.724769995,-2.200256306,1.006095346,286
Colt Keith,24,DET,3B,"1B,2B",502.8877,449,62.78640154,117.7563564,77.38143551,22.35858806,2.115680213,15.90065261,61.6343661,3.09797253,1.296520815,45.18306551,105.9413698,0.2622636,0.335115087,0.427724416,0.762839503,-2.258746587,1.383776527,290
Jordan Westburg,27,BAL,3B,2B,440.25815,402,59.92399156,105.264102,64.89922113,19.95358309,1.9171442,18.49415357,60.01393675,3.947493497,1.989357881,27.57438697,100.3592104,0.261851,0.319558628,0.459040881,0.778599509,-2.262835124,1.37968799,120
Daulton Varsho,29,TOR,OF,,526.295,478,63.24487004,107.5521032,59.98974639,21.14866667,2.834822997,23.57886714,69.95726116,7.908071488,2.548506583,39.56987699,127.9420104,0.2250044,0.289607161,0.429094178,0.718701339,-2.284611483,0.793309531,207
Wilyer Abreu,26,BOS,OF,,481.73465,426,57.76356608,105.3286278,61.09906972,23.27138408,1.010923984,19.94725001,63.90648395,7.475922472,2.978218292,50.88685819,111.451254,0.2472503,0.328194426,0.447097676,0.775292102,-2.334723198,0.743197816,228
Andres Gimenez,27,TOR,2B,SS,552.69955,515,58.23066128,129.0237225,92.35096134,22.37477965,2.032902543,12.26507897,57.73319757,18.81480542,3.756654871,32.17183468,95.49361479,0.2505315,0.295865474,0.373319503,0.669184977,-2.338184223,1.383890487,301
Jorge Polanco,32,NYM,2B,,500.4515,446,55.43391729,111.0188998,68.1899584,21.77986002,0.431220562,20.61786081,67.46985545,4.715616475,2.067882448,48.58208856,99.01807229,0.2489213,0.325283991,0.438373954,0.763657944,-2.395339369,0.826735341,207
Marcell Ozuna,35,PIT,DH,,527.35,447,60.32495692,109.2793416,67.70462354,19.0952296,0.361068374,22.11842009,69.39718622,0.184737111,0.062238259,69.265392,128.8337201,0.2444728,0.354017931,0.437252725,0.791270657,-2.402637691,0.398336022,270
Brandon Lowe,31,PIT,2B,,515.47295,469,60.41878331,114.0844376,69.19515365,21.49461139,1.128433351,22.26623921,64.59780262,3.776563682,1.367813695,41.77958246,130.3868032,0.2432504,0.305536136,0.43632118,0.741857315,-2.404811791,0.817262918,152
Jung Hoo Lee,27,SF,OF,,560.066,509,59.68328443,138.5025648,91.17885632,32.0744178,6.039637676,9.209653003,56.57482841,8.853697849,3.676758321,45.6042147,59.94996628,0.2721072,0.332340854,0.413134022,0.745474876,-2.406995938,0.670925076,287
Ernie Clement,29,TOR,3B,"1B,2B,SS",554.00535,520,59.45367756,139.34206,98.97464452,27.34041718,2.166367706,10.8606306,56.2829426,8.624471938,3.295947012,24.712735,55.48777956,0.2679655,0.306861362,0.391532893,0.698394255,-2.487486938,1.155036177,279
Carlos Correa,31,HOU,3B,SS,538.64125,480,58.47258647,127.211568,86.406325,23.25708465,0.890994644,16.6571637,62.79549095,0.1577351,0.465551534,47.41976818,107.4298283,0.2650241,0.338715543,0.421296111,0.760011653,-2.524838702,1.117684413,254
Adley Rutschman,28,BAL,C,,559.3332,486,61.88196822,123.4507554,78.99162478,26.12705279,1.086952178,17.24512566,65.72774191,0.93393249,0.302435518,61.97617363,86.55836798,0.2540139,0.345648222,0.418697715,0.764345937,-2.542251952,1.294636233,145
Isaac Paredes,27,HOU,3B,,508.23775,441,58.56992844,107.7695514,66.2603687,18.61056855,0.883973529,22.01464062,68.49641267,0.826029526,1.090537399,59.52730287,84.45640586,0.2443754,0.33869747,0.440344646,0.779042116,-2.553249748,0.589273367,183
Kyle Stowers,28,MIA,OF,,534.4095,470,57.02313557,113.113443,65.31104935,23.27008051,2.592067141,21.94024599,69.05868508,3.817863884,1.324488766,50.13109994,142.3514093,0.2406669,0.32577426,0.441251906,0.767026166,-2.562596433,0.51532458,112
TJ Friedl,30,CIN,OF,,587.892,511,65.63402522,125.4074738,86.47117559,20.6307991,3.349805312,14.9556938,54.91860866,11.77688071,2.759803035,61.97739794,98.50814057,0.2454158,0.337872512,0.386702475,0.724574987,-2.659096619,0.418824395,284
Addison Barger,26,TOR,OF,3B,498.50775,441,57.84145554,108.0215388,62.00587712,26.40831183,0.925489943,18.68185991,67.96814849,3.903286085,1.710238727,43.22068647,116.9746955,0.2449468,0.325693486,0.436114309,0.761807795,-2.730824479,0.847096535,203
Brendan Donovan,29,SEA,OF,2B,549.25,497,59.5243538,134.9949412,94.15160331,27.82943095,0.955217374,12.05868957,53.94286144,4.466739634,2.77087153,47.18761525,73.23466263,0.2716196,0.335287559,0.404247235,0.739534794,-2.757308181,0.820612833,238
Noelvi Marte,24,CIN,OF,3B,478.78665,440,54.52323791,111.073292,72.46445249,21.26521696,2.076732399,15.26689014,56.14357476,13.76410962,4.491551832,30.73164526,104.9811153,0.2524393,0.30747927,0.414301464,0.721780735,-2.798074635,0.779846378,146
Colton Cowser,25,BAL,OF,,491.3945,437,58.34988375,100.919032,59.38359457,21.21306197,1.248797736,19.07357773,59.20815294,14.15931315,2.607445656,47.71714074,152.4788132,0.230936,0.310623747,0.41613369,0.726757437,-2.90314868,0.174772334,254
Willi Castro,28,COL,2B,"3B,OF",506.7434,457,61.93457807,116.7163833,77.27003661,22.69120203,4.300105254,12.45503941,49.02635494,13.32363129,4.377075703,41.66092887,111.9031955,0.2553969,0.322948897,0.405630009,0.728578906,-2.936886249,0.785188461,333
Josh Lowe,28,LAA,OF,,466.0553,422,53.75745462,103.5662272,64.65623659,22.72073446,2.005414712,14.18384143,50.74975928,21.1026371,3.81362226,37.43190962,120.3814818,0.2454176,0.310014779,0.409595534,0.719610313,-2.965968842,0.111952172,276
Anthony Volpe,24,NYY,SS,,510.95115,465,60.06432943,105.917886,63.68587691,23.81803072,2.79162713,15.62235125,59.43737264,18.5585051,5.570915726,41.50803875,123.8005583,0.2277804,0.29078457,0.391798333,0.682582902,-2.983344672,0.22665018,300
Mark Vientos,26,NYM,3B,,469.384,427,52.97430652,105.4137035,63.31462811,19.2837697,1.711886642,21.10341904,67.76917159,1.245214332,0.101678213,35.15880837,125.6210635,0.2468705,0.308419412,0.448317339,0.756736751,-2.99003227,0.152490845,265
Miguel Vargas,26,CHW,3B,1B,561.1202,493,66.21353534,116.9611934,70.65290934,27.94945204,1.892762274,16.46606974,60.35654245,7.487729416,2.044153974,60.4651121,99.8789744,0.2372438,0.323688825,0.401814157,0.725502982,-2.991581124,0.65094199,308
Royce Lewis,26,MIN,3B,,484.60645,442,49.17843694,110.1239022,67.2812633,23.11713017,0.487301988,19.23820674,59.66517524,10.28391032,2.055090849,34.18061029,97.2195421,0.2491491,0.308649395,0.43423135,0.742880744,-3.011536998,0.130986117,200
Jac Caglianone,23,KC,OF,1B,472.68625,430,55.16076413,107.376633,66.04992903,20.49104064,1.293943845,19.54171949,62.16276663,3.192276506,1.057570182,36.12914419,107.4139383,0.2497131,0.311222534,0.439722604,0.750945138,-3.047443699,0.530477315,247
Andrew Vaughn,27,MIL,1B,,552.70485,503,52.59242414,124.5682015,79.91902797,24.94378233,0.90998285,18.79540835,72.09928869,0.722370932,0.087912642,41.94041103,108.4291764,0.2476505,0.309557121,0.412958598,0.722515719,-3.057678256,0.148673396,291
Ramon Laureano,31,SD,OF,,494.5191,448,58.11138391,108.847424,68.18731471,20.23829949,2.336876364,18.08493344,59.48752357,7.721826269,3.003903092,37.6953807,125.9030071,0.242963,0.308486895,0.419674724,0.728161619,-3.077921014,0,237
Lourdes Gurriel Jr.,32,ARI,OF,,451.72875,419,48.55162948,111.8551087,74.37013053,21.57807136,1.493422268,14.41348454,60.3878826,6.796254785,2.286964067,28.81658363,72.56575919,0.2669573,0.314077037,0.428783958,0.742860994,-3.098161843,-0.02024083,449
Nolan Arenado,34,ARI,3B,,547.32185,498,52.99277144,126.987759,85.15828877,24.72163001,1.130687087,15.97715313,65.4357025,3.146085117,1.127482961,38.76138498,75.5997154,0.2549955,0.315872984,0.40542615,0.721299134,-3.142523115,0,288
Kyle Manzardo,25,CLE,1B,,493.17085,435,54.0446269,103.4331255,58.38473173,21.56034132,1.009425004,22.47862745,67.14089374,1.743852993,0.363830542,48.67249043,114.7487731,0.2377773,0.321522023,0.447007354,0.768529378,-3.206351652,0,250
Mike Trout,34,LAA,OF,,496.3376,420,60.13263502,98.41188,57.13644216,16.74386774,1.57255162,22.95901848,59.50446238,2.938679459,0.688598206,70.13689358,144.8505665,0.234314,0.346208121,0.445661682,0.791869803,-3.209940786,-0.132019772,171
Colson Montgomery,24,CHW,SS,3B,553.85705,502,59.430371,109.6805744,63.85971233,19.94679005,2.126211765,23.74786025,76.09732374,2.478666898,1.092195128,45.8239061,160.9143787,0.2184872,0.285988535,0.408612288,0.694600823,-3.209994852,0.5,179
Jeff McNeil,33,ATH,2B,OF,530.5243,468,55.73596334,124.9503372,83.74277051,26.51027208,2.389147711,12.30814689,56.76545363,4.145315905,0.934169994,44.00995499,63.32959132,0.2669879,0.346830177,0.412742191,0.759572368,-3.222074709,0.5,338
Ryan O'Hearn,32,PIT,1B,OF,502.86085,447,54.47072034,119.2396191,82.20722743,21.65459363,1.218434344,14.15936369,57.32948099,2.727042089,1.169271001,47.33512184,93.95860874,0.2667553,0.342199057,0.415680475,0.757879532,-3.250827503,0.455524149,272
Josh Bell,33,MIN,1B,,540.9528,473,55.40879416,118.1859558,79.07286028,18.74455419,1.103418197,19.26512314,62.98230821,0.764918833,1.797729452,57.47338293,99.65527401,0.2498646,0.338152368,0.416348236,0.754500604,-3.255823371,-0.049471719,391
Trent Grisham,29,NYY,OF,,526.8414,445,67.01332495,97.1603655,57.55812296,15.88302363,1.116425288,22.60279361,61.00519669,5.426869182,1.872348914,70.19493877,126.0789518,0.2183379,0.333275168,0.411426114,0.744701282,-3.265630753,-0.187709739,224
Matt Wallner,28,MIN,OF,,476.19125,422,57.99283208,97.2786382,52.13835445,21.07561668,1.834337311,22.23032976,62.04268511,4.858397252,2.095667481,50.42281247,146.0321109,0.2305181,0.311766612,0.447189381,0.758955993,-3.302352595,-0.224431581,304
JJ Wetherholt,23,STL,SS,,523.7256,468,59.54382218,117.7439796,81.50065172,23.2068423,1.534052302,11.50243327,51.06356488,12.4782092,2.602330484,50.3618999,93.94277613,0.2515897,0.325846886,0.381466296,0.707313182,-3.420821328,-0.210826477,240
Brandon Marsh,28,PHI,OF,,471.8641,416,55.06347982,105.612624,68.85995175,21.2930255,2.406188561,13.05345819,53.66039644,10.16744123,2.770397456,47.787759,126.6591298,0.2538765,0.336664797,0.410765387,0.747430184,-3.542307038,-0.464386024,354
Connor Norby,25,MIA,3B,,493.41785,454,58.4429972,110.2085908,69.8950031,24.02223928,1.596595634,14.69475279,56.77745723,9.247970472,3.088742386,34.692341,130.0830142,0.2427502,0.297458486,0.399797973,0.697256459,-3.542642059,-0.400118944,365
Spencer Horwitz,28,PIT,1B,,493.2659,428,57.46235436,113.5798152,74.79879202,25.97714404,1.113597138,11.690282,53.6715597,1.836953727,0.947698479,55.96131329,86.26957447,0.2653734,0.356689615,0.413212616,0.76990223,-3.802193353,-0.595841701,382
Spencer Steer,28,CIN,1B,OF,464.9783,409,55.3337562,96.5388876,59.48095161,19.75280233,1.441704722,15.86342894,61.05745175,7.820024165,2.000101599,48.20310402,104.0025906,0.2360364,0.321901263,0.407739331,0.729640593,-3.803508342,-0.09715669,235
Dylan Beavers,24,BAL,OF,,439.12565,381,56.78875494,92.8946199,57.52072887,20.18283008,2.060250115,13.13081083,52.31566876,11.73941848,4.158948818,53.04294557,107.5377048,0.2438179,0.337178607,0.41099838,0.748176987,-3.816513352,-0.738592338,329
Harrison Bader,31,SF,OF,,476.9349,436,54.62280953,108.0443752,74.61903517,18.79260384,1.522782266,13.10995392,49.81309217,13.24871082,5.47513166,31.29350175,112.5352184,0.2478082,0.305662309,0.388101847,0.693764156,-3.82314108,-0.745220066,331
Jesus Sanchez,28,TOR,OF,,436.23035,394,52.9211468,96.941533,61.4887299,18.53650062,1.563440026,15.35286245,53.4940975,10.09241375,2.338223199,37.91142749,106.2580057,0.2460445,0.31368953,0.417927668,0.731617197,-3.826847033,-0.748926019,369
Alejandro Kirk,27,TOR,C,,479.26195,416,45.76875008,112.7163232,78.85200805,19.38461136,0.415728478,14.06397531,60.02500251,0.801917136,0.085724815,47.94251123,60.07028171,0.2709527,0.36142922,0.420971917,0.782401137,-3.836888185,0,175
Josh Jung,28,TEX,3B,,514.3016,475,50.95477185,118.292575,77.83494197,22.59396146,1.100383221,16.76328835,59.73855804,4.069125802,1.301305673,29.96824446,123.2159849,0.249037,0.299834298,0.407109827,0.706944125,-3.86640014,-0.723877025,326
Joey Ortiz,27,MIL,SS,,544.31845,489,56.01943381,120.7563984,83.17473228,24.09494421,3.556279671,9.930442237,53.26310314,13.51898321,3.74708615,39.8267701,89.88915807,0.2469456,0.317597243,0.371687584,0.689284827,-3.928233139,-0.718238288,423
Chase Meidroth,24,CHW,SS,2B,537.62305,471,60.76325143,120.308943,91.27412606,19.27010005,1.298001462,8.466715426,42.41434517,13.20168969,4.096160347,59.57750675,79.62690291,0.255433,0.341751334,0.355785971,0.697537305,-4.018641213,-0.308646361,385
Cedric Mullins,31,TB,OF,,462.74655,411,54.22753815,93.0767451,58.41127613,18.69400497,1.777782746,14.19368125,51.4519097,19.45041377,4.484900902,42.93767242,100.1579066,0.2264641,0.307351418,0.384202821,0.691554239,-4.02357796,-0.945656946,335
Lars Nootbaar,28,STL,OF,,508.8487,438,59.24956232,107.5331172,70.06071368,21.15480514,1.792700029,14.52489835,51.89556413,5.61105484,2.939390223,63.40319149,103.1030342,0.2455094,0.344633456,0.401479492,0.746112948,-4.063687655,-0.985766642,369
Kevin McGonigle,21,DET,SS,,448.1776,397,53.53316004,101.5848761,63.74699022,22.33775916,2.396850585,13.10327613,48.50019093,8.538990637,3.657569093,43.88826128,61.51490235,0.2558813,0.335088578,0.42323971,0.758328287,-4.101752178,-0.891757326,286
Victor Scott II,25,STL,OF,,522.49755,474,54.48374644,106.4853798,77.35634757,18.98762613,2.647495157,7.49391095,42.1581844,34.86463511,6.302132479,41.94543983,111.7685495,0.2246527,0.290865509,0.323311665,0.614177174,-4.16674877,-1.088827756,310
Samuel Basallo,21,BAL,C,,437.79485,396,50.8232367,94.857642,54.41454745,20.49078013,0.463157141,19.48915727,60.32380445,1.910757978,0.859125014,36.34730675,107.2087495,0.2395395,0.306220027,0.441268203,0.747488229,-4.174707561,-0.337819377,234
J.T. Realmuto,34,PHI,C,,477.1483,435,52.47065912,108.655692,72.38569146,20.218563,2.224500607,13.82693693,53.60153304,6.511873035,2.11157974,32.4270084,111.9849243,0.2497832,0.309872593,0.40184843,0.711721023,-4.25576869,-0.418880505,235
Carter Jensen,22,KC,C,,448.7455,389,54.24722133,94.7715643,56.20925663,21.3730692,2.764269178,14.4249693,57.1769136,4.473362254,1.271510149,48.05764368,124.431933,0.2436287,0.337873083,0.424031053,0.761904137,-4.308338158,-0.471449973,235
Brooks Lee,25,MIN,SS,"3B,2B",535.2573,488,50.90787974,120.5883624,82.88419493,21.26439713,1.439771467,14.99999887,58.66259232,3.954109738,1.295367272,35.19006333,93.83160955,0.2471073,0.307837266,0.388795695,0.696632961,-4.309336786,-0.599341935,332
Andrew Benintendi,31,CHW,OF,,496.3143,447,51.06612764,112.1118018,76.38726268,19.53778413,1.04952037,15.13723462,56.52337807,3.007616208,1.118250952,43.16662527,86.32740029,0.2508094,0.319595049,0.400806109,0.720401158,-4.310785052,-1.232864038,395
Brady House,22,WSN,3B,,520.89815,478,52.71642925,116.2398966,78.76297771,21.63698974,1.378718811,14.46121035,57.91944074,5.805538378,2.853674982,25.86682121,139.674069,0.2431797,0.299604331,0.384974801,0.684579132,-4.319778653,-1.177255539,472
Jake McCarthy,28,COL,OF,,390.69875,359,51.4826618,97.2421864,68.80797473,16.46393517,4.725848228,7.244428275,38.77811097,15.01821085,2.849807195,27.73521678,68.94889002,0.2708696,0.323704793,0.403596387,0.727301179,-4.383211384,-1.30529037,479
Francisco Alvarez,24,NYM,C,,434.18755,380,49.04401385,89.612512,52.55568992,15.37451901,1.076560136,20.60574293,59.71532975,1.263275422,0.336254223,41.93155145,115.4106817,0.2358224,0.325635718,0.444624684,0.770260402,-4.438291889,-0.601403704,218
Brett Baty,26,NYM,3B,2B,436.63255,393,50.54501249,96.4008171,63.49855636,15.80450267,0.870809925,16.22694815,53.78516769,5.240570099,1.012238473,38.08531707,106.6352681,0.2452947,0.315421219,0.413811155,0.729232374,-4.439237204,-0.79671409,308
Tommy Edman,30,LAD,2B,"3B,OF",441.31405,408,52.24781527,101.5502616,67.79525639,19.01163817,2.062620312,12.68074673,50.05497956,8.545602643,1.8158574,28.96136917,73.90218389,0.2488977,0.299309944,0.398846521,0.698156465,-4.500311967,-0.778237258,290
Wenceel Perez,26,DET,OF,,474.6477,431,54.40008754,102.875821,65.8661594,20.07475644,4.297478417,12.63742674,51.59506623,10.96708032,3.823270596,38.36343222,99.95556587,0.238691,0.302505162,0.393173584,0.695678746,-4.516148246,-1.438227232,420
Evan Carter,23,TEX,OF,,431.1232,381,50.38168585,91.756992,59.49132565,17.85637408,3.041538851,11.36775342,44.31245053,18.5526729,4.376340224,44.69157497,94.52748474,0.240832,0.322589113,0.393175076,0.715764189,-4.530793888,-1.452872874,291
Trevor Larnach,29,MIN,OF,,451.2701,393,52.36367231,97.5481806,63.55881314,18.32397842,0.998859411,14.66652963,54.13274779,3.34205062,1.812549991,46.62028739,108.8449163,0.2482142,0.33946424,0.411881595,0.751345835,-4.537047167,-1.459126153,393
Nick Castellanos,33,SD,OF,,431.9706,390,50.37116602,96.859035,63.64009596,17.72338422,1.637923151,13.85763167,57.62937052,3.528598658,0.921866654,28.09381714,105.7156455,0.2483565,0.315459471,0.408797848,0.724257318,-4.537274177,-1.459353164,331
Lane Thomas,30,KC,OF,,430.7427,381,51.1459877,89.2089021,55.86364142,17.77870871,1.891898193,13.67465378,49.38378379,14.31141673,4.955093672,36.6703703,111.1128163,0.2341441,0.316413848,0.398413041,0.714826889,-4.58557018,-1.507649166,433
Gabriel Moreno,26,ARI,C,,415.1195,367,45.3566214,102.2205834,71.86954754,19.1754168,1.129435283,10.04618378,48.85110822,3.80602712,1.902134648,38.9139983,67.85135587,0.2785302,0.355672156,0.419055646,0.774727802,-4.640251232,-0.803363047,208
J.P. Crawford,31,SEA,SS,,596.59085,521,60.50769741,125.1558183,89.35378302,23.54060189,0.922013989,11.33941939,53.80190386,5.48501165,1.162590541,70.2767174,110.6990256,0.2402223,0.329936244,0.35423936,0.684175603,-4.649499818,-1.439504966,304
Paul Goldschmidt,38,NYY,1B,,424.71015,375,52.35203322,94.4894625,61.18187765,20.15756221,0.576994713,12.57302792,51.13741359,4.868047823,1.019667184,39.6566332,95.45293228,0.2519719,0.334227228,0.409386928,0.743614156,-4.681850531,-1.47549888,373
Kyle Teel,24,CHW,C,,470.04365,412,55.31249742,101.7763188,69.91312134,18.38982487,0.988544428,12.48482816,49.30488148,6.039678207,2.1248142,51.02765465,120.1161514,0.2470299,0.333379259,0.3873731,0.720752359,-4.69608751,-0.859199326,215
Jordan Walker,23,STL,OF,,515.77235,460,49.32046744,109.622048,71.32048616,23.1690766,1.440012393,13.69247285,55.24787526,9.796987033,3.121818508,39.52220894,140.5437974,0.2383088,0.314897674,0.384236017,0.699133691,-4.718544847,-1.640623833,360
Jake Cronenworth,32,SD,2B,"1B,SS",577.26925,503,59.65141301,117.6556737,76.49911653,25.4321372,2.505001535,13.21941843,58.17717016,3.841471803,2.233276831,64.83432913,109.4941643,0.2339079,0.326904491,0.373272504,0.700176994,-4.719644606,-0.997569897,347
Jonathan India,31,KC,2B,"3B,OF",516.44875,457,59.74628131,111.8139615,74.14172317,24.25494153,1.466107681,11.95118913,49.04132273,4.422257672,2.472631926,53.44232995,98.88345992,0.2446695,0.326087067,0.382614192,0.708701259,-4.747352877,-1.025278168,290
Luisangel Acuna,23,CHW,2B,,411.64175,378,50.60414943,95.3117928,71.42786748,16.82538829,1.820022127,5.238514901,35.4189252,24.35652899,5.471586565,26.48459544,80.79370071,0.2521476,0.306642157,0.347864471,0.654506628,-4.782586926,-1.560512217,400
Nolan Gorman,25,STL,3B,2B,488.9404,433,53.03990688,94.3106475,54.42841105,18.24452758,0.537375599,21.10033328,60.64373027,3.453945939,1.268951989,49.92722145,151.5653098,0.2178075,0.301399142,0.408616458,0.7100156,-4.812529709,-1.170006595,386
Austin Hays,30,CHW,OF,,445.3274,409,50.97863212,99.9649579,63.80292911,20.20650838,1.99728728,13.95823314,50.96119202,6.061984566,1.275989398,31.32154171,109.7752461,0.2444131,0.300620342,0.40596758,0.706587922,-4.865662045,-1.787741031,386
Lenyn Sosa,26,CHW,2B,1B,437.3068,412,44.54715347,103.1350948,68.08923421,18.55013184,0.862036979,15.63369178,56.60379161,2.149404221,1.185672344,20.27674642,99.18307841,0.2503279,0.287032224,0.413374699,0.700406923,-4.889601861,-1.167527151,289
Matt Shaw,24,CHC,3B,,351.15535,310,49.68105402,75.37991,47.92558564,14.31593067,1.932297939,11.20609575,45.63121491,13.20759677,3.951004754,36.18820996,75.65870973,0.243161,0.326142283,0.410253948,0.736396231,-4.928766063,-1.786242948,273
Max Muncy (LAD),35,LAD,3B,,425.6378,349,53.5785557,76.8692044,42.14202192,14.35914122,1.021839423,19.34620184,56.2979111,2.809910806,0.393094216,65.66289622,101.6764391,0.2202556,0.354771607,0.433554814,0.788326421,-4.937233505,-1.794710391,203
Josh Smith,28,TEX,SS,"3B,OF,1B",501.59525,447,56.87473293,109.0410906,75.72108097,21.46841072,1.620314643,10.23128427,45.45407358,9.448334082,2.871954693,49.9112573,94.09570931,0.2439398,0.319642387,0.367883632,0.687526019,-4.951275152,-1.2412803,329
Brayan Rocchio,25,CLE,SS,2B,501.4543,455,54.07286958,108.071691,73.19674523,23.07270978,1.829113564,9.97312243,50.44920816,11.89111406,4.80906042,40.73632621,95.97909337,0.2375202,0.301547287,0.362026363,0.66357365,-4.975006544,-1.265011692,
Carson Williams,22,TB,SS,,444.20215,398,56.48935035,82.6399638,47.98076046,16.05460939,2.480186956,16.124407,53.776179,13.36171728,5.149433662,39.45235167,158.7746533,0.2076381,0.283263329,0.381980322,0.66524365,-4.976260335,-1.766265483,436
Ryan Jeffers,28,MIN,C,,475.6296,422,49.36534514,103.1670996,65.45842093,21.47804734,0.929145968,15.30148536,51.83552179,2.401003826,0.940595843,45.11479504,95.70055975,0.2444718,0.324078805,0.408549514,0.732628319,-5.15392733,-1.317039145,277
Colby Thomas,25,ATH,OF,,352.50465,322,47.76093715,76.820828,44.2091382,17.55607221,1.509353524,13.54626406,53.84954278,5.454675958,2.249540242,23.44433423,119.197246,0.238574,0.297596884,0.428678259,0.726275144,-5.230736097,-2.152815083,
JJ Bleday,28,CIN,OF,,401.1327,348,51.53260232,79.9097784,44.70153158,18.033385,0.941803933,16.23305788,54.34736472,2.796952657,1.6647616,45.94705937,99.33381015,0.2296258,0.325466517,0.426798692,0.75226521,-5.242239624,-2.16431861,
Brooks Baldwin,25,CHW,OF,"3B,2B,SS",402.07745,367,44.1713139,91.0235602,58.34593534,17.63017384,1.468232525,13.57921849,48.68830212,7.681042405,2.150362415,29.49652387,91.79632915,0.2480206,0.308324163,0.415062274,0.723386437,-5.258602644,-1.68068163,402
Dominic Canzone,28,SEA,OF,,413.73945,371,46.13557675,89.9223864,56.41228197,17.24505825,0.804963928,15.46008225,51.94766662,4.046681328,1.767075643,30.49384734,95.38896514,0.2423784,0.315343171,0.418214607,0.733557778,-5.27683302,-2.198912006,377
Cam Smith,23,HOU,OF,,465.8933,414,51.55313807,100.3347216,67.03815841,19.51662393,2.31283249,11.46710677,48.65544515,7.334997838,1.688080433,39.12535795,119.2161949,0.2423544,0.320886703,0.383764084,0.704650787,-5.282972205,-2.205051192,316
Isaac Collins,28,KC,OF,,427.39745,365,49.62054577,87.613724,57.60984501,18.95704371,2.322947176,8.723888104,44.48209899,14.84296147,5.297269797,50.62932181,89.66269142,0.2400376,0.345534532,0.376406374,0.721940905,-5.350921366,-2.273000352,353
Austin Wells,26,NYY,C,,442.49945,396,45.88193908,89.1750816,50.80689483,19.37269129,1.022053992,17.97344148,57.66801563,4.636558961,1.285626798,37.89865246,105.9776643,0.2251896,0.300797127,0.415434862,0.716231989,-5.375514278,-1.538626093,236
Tyler Freeman,26,COL,OF,2B,354.96625,319,45.55519137,88.2471392,63.45556011,17.46480946,1.527349392,5.799420232,34.11032178,13.73787402,4.727719846,29.89264268,44.5306778,0.2766368,0.343605161,0.395501279,0.73910644,-5.392507604,-1.81458659,470
Carson Benge,23,NYM,OF,,404.2034,360,53.35361976,85.933872,55.81338471,17.86458453,2.570189979,9.685712785,46.4985537,9.275954103,2.289327257,40.52635636,91.34260018,0.2387052,0.316561996,0.383322152,0.699884148,-5.434451328,-2.356530314,339
Jorge Soler,34,LAA,OF,,463.737,413,49.61340782,93.061703,54.46719139,18.28465322,0.413341791,19.8965166,55.43991815,0.692872859,0.084910744,47.32918173,122.925187,0.225331,0.303752179,0.416132178,0.719884358,-5.438481517,-2.360560504,380
Ke'Bryan Hayes,29,CIN,3B,,502.98185,460,48.32683717,112.671204,83.23510073,18.11263212,2.139141228,9.184329918,47.9120725,10.32983184,2.946324566,35.1523067,97.69231374,0.2449374,0.303734499,0.353511105,0.657245605,-5.467285526,-2.324762411,431
Owen Caissie,23,MIA,OF,,437.4412,387,49.18732774,91.7746119,56.60595247,19.98713966,1.327776185,13.85374358,51.41374404,4.448500575,2.318879856,46.16231715,143.4694862,0.2371437,0.319767781,0.403045309,0.72281309,-5.504728256,-2.426807242,340
Jake Meyers,29,HOU,OF,,438.39365,394,46.67769651,98.4646188,68.37561934,18.62108438,1.912762065,9.55515302,40.91244914,12.6413452,3.627906994,35.03252689,86.72394251,0.2499102,0.319669551,0.37963626,0.699305811,-5.506792148,-2.428871135,434
Mike Yastrzemski,35,ATL,OF,,454.259,394,53.18504388,90.1362862,50.80165863,21.42678836,2.60189359,15.30594561,49.46788607,4.741151744,1.811125186,54.233792,100.791168,0.2287723,0.325040461,0.412905326,0.737945787,-5.51372672,-2.435805706,393
Jared Triolo,28,PIT,SS,"3B,1B,2B",482.28075,423,50.15425269,102.9049443,70.58514762,21.31021488,2.389570744,8.620011063,42.58898238,13.01592702,3.311015455,50.31990541,104.0468288,0.2432741,0.329809741,0.366085896,0.695895637,-5.542602063,-1.832607211,418
Giancarlo Stanton,36,NYY,OF,,379.38145,334,39.56120036,75.3647954,41.94944973,11.20501394,0.318772355,21.89155938,58.41311089,0.18660846,0.252351477,38.30534541,117.8662881,0.2256431,0.311499129,0.457730635,0.769229764,-5.58593134,-2.508010327,214
Tyler O'Neill,30,BAL,OF,,377.30565,333,44.65485634,77.9002551,46.96563499,12.97455744,0.639673519,17.32038915,49.15076034,4.701748535,0.913995031,37.85519615,102.6661584,0.2339347,0.31708051,0.43277876,0.749859269,-5.590368805,-2.512447792,333
Troy Johnston,28,COL,1B,OF,340.3981,302,43.12678486,77.7462156,51.04370459,15.11209156,2.522553222,9.067866227,44.29421109,10.33294254,2.915849347,26.53825558,73.1609233,0.2574378,0.334715503,0.41426163,0.748977133,-5.598924672,-1.89257302,
Jordan Lawlar,23,ARI,3B,,413.6823,373,47.23354918,89.2981023,54.65649294,22.70777575,2.73845488,9.195378729,42.73371271,15.20625345,3.288694192,36.33244883,110.875932,0.2394051,0.308384873,0.388924729,0.697309602,-5.600640668,-2.458117554,347
Nick Gonzales,26,PIT,2B,SS,431.7475,397,48.4949867,104.4450626,69.5122763,23.09746052,3.470858367,8.364467419,46.24088904,2.291976521,2.013172027,28.27912621,87.72814981,0.2630858,0.316009333,0.401958796,0.71796813,-5.608956733,-1.886882024,507
Ha-Seong Kim,30,ATL,SS,,406.59985,356,45.86684561,86.798318,62.24056039,14.14382613,1.268418003,9.145513478,41.05316239,14.88594776,3.898267399,45.00933982,73.68732783,0.2438155,0.332483755,0.367740226,0.700223981,-5.651236379,-2.441241527,355
Jose Caballero,29,NYY,SS,"3B,OF,2B",338.4557,296,42.76421867,65.1039864,44.51998922,13.64598865,0.89068344,6.047325093,31.79360521,34.49528537,8.633046873,35.91210172,87.25533469,0.2199459,0.312557999,0.333355801,0.6459138,-5.690994654,-1.980999802,225
Luis Rengifo,29,MIL,3B,"OF,2B",436.5027,398,44.18944578,99.4343698,71.88104463,15.50200109,2.475907294,9.575416786,44.91960753,9.985807745,4.469763313,30.42293739,79.18973363,0.2498351,0.309828582,0.373403105,0.683231687,-5.716939292,-2.074416178,433
Gavin Sheets,29,SD,OF,1B,468.76015,426,43.55917377,102.673242,65.45196719,21.6703042,0.887606298,14.66336432,55.10631742,1.887074272,1.150522982,39.66719672,96.59681869,0.241017,0.303834769,0.399316553,0.703151322,-5.723142666,-2.145221653,398
Christopher Morel,26,MIA,OF,,394.58765,350,46.76428119,78.3062,45.22570862,15.02217263,2.007982119,16.05033664,49.89309429,7.353218212,3.119932146,39.3848319,122.5830334,0.223732,0.30558158,0.415700991,0.721282571,-5.731705172,-2.653784159,
Parker Meadows,26,DET,OF,,423.2126,372,52.0631623,84.7108356,54.36111167,15.47176122,3.992154323,10.88580839,44.89482024,11.47673107,2.509286026,40.43119834,108.0075953,0.2277173,0.314831161,0.378560029,0.69339119,-5.778886624,-2.70096561,384
Joey Loperfido,26,HOU,OF,,411.2965,378,48.10243512,88.8769098,58.61744549,17.05374301,1.675797909,11.52992339,48.88234282,7.80968379,3.304375207,28.92782358,119.1005059,0.2351241,0.291672928,0.380613806,0.672286734,-5.797634442,-2.719713429,
Nasim Nunez,25,WSN,SS,2B,382.9607,337,44.11868028,77.1395022,59.67960377,11.41638284,1.041722773,5.001792818,33.1721451,30.12590145,6.664737506,39.1597633,92.8005229,0.2289006,0.314841005,0.313485783,0.628326789,-5.867196647,-2.157201795,471
Bryce Eldridge,21,SF,DH,,425.9248,378,42.28155911,88.6074336,53.69365629,17.72437588,0.559104774,16.63029666,55.02953121,1.380958218,0.873739263,37.50849104,130.4466156,0.2344112,0.31409113,0.416245791,0.730336921,-5.887415293,-3.08644158,343
Zach Cole,25,HOU,OF,,394.067,350,47.41266009,74.654335,42.9649893,14.92985782,3.113281694,13.64620618,50.56052555,12.09792326,2.936219623,37.00399266,163.2678438,0.2132981,0.296058367,0.390712499,0.686770866,-5.900547671,-2.822626657,424
Esteury Ruiz,27,MIA,OF,,247.3056,217,42.91518027,52.679571,34.69056908,10.56906432,1.784909681,5.635027915,33.93946647,22.37366424,5.040658149,26.05802302,66.65587354,0.242763,0.329198786,0.385822758,0.715021543,-5.98164802,-2.903727007,522
Logan O'Hoppe,26,LAA,C,,438.0731,402,43.41741128,92.4400608,58.28627601,14.80740281,0.93888119,18.4075008,51.78962098,1.99068321,1.637148865,30.56965724,121.3323693,0.2299504,0.287445805,0.408825195,0.696271,-5.984629275,-2.147741091,258
Ryan McMahon,31,NYY,3B,,504.2212,433,53.81379124,91.1037196,55.58515198,17.65445652,0.875682153,16.98842895,56.85913911,3.150539603,1.957073617,58.56609905,161.3713091,0.2104012,0.316008575,0.372921079,0.688929654,-5.99212926,-2.849606146,336
Jake Mangum,29,PIT,OF,,367.83425,342,37.54019039,94.9188168,71.90977438,17.81420237,1.790242304,3.404597745,35.47824473,14.87273632,4.468858798,18.46513084,59.75224602,0.2775404,0.321684981,0.369962857,0.691647838,-6.024295121,-2.946374108,370
Edouard Julien,26,COL,1B,2B,422.3157,358,47.58434598,88.0266152,57.09853307,17.85656891,1.6682422,11.40327102,43.00618161,4.338052169,2.298612685,59.55041292,119.6980747,0.2458844,0.354513773,0.40064101,0.755154783,-6.118234217,-2.411882565,
Otto Kemp,26,PHI,3B,"OF,1B",331.3648,299,48.87232516,69.5465329,42.41321547,15.20223418,1.435708848,10.4953744,47.51430495,5.787995339,2.708052421,27.5362454,103.2963166,0.2325971,0.301970895,0.398348856,0.700319751,-6.141794607,-2.499271493,537
Zach McKinstry,30,DET,3B,"OF,SS",404.5117,362,49.01562887,85.1835956,56.30867462,16.30895388,4.40847977,8.157487326,38.82893926,13.75701324,3.227186684,36.13010687,88.22341982,0.2353138,0.309830336,0.372325887,0.682156223,-6.191705064,-2.549181949,309
Joc Pederson,33,TEX,DH,,387.3425,332,43.2426171,78.3311504,47.17785663,14.19467532,1.155666729,15.80295172,46.53710359,2.804706334,0.947314614,45.07721682,86.05168464,0.2359372,0.33856858,0.42845185,0.76702043,-6.205460426,-3.404486713,
Blaine Crim,28,COL,1B,,306.21535,267,44.12340458,67.945893,42.75283671,13.79213775,0.606086473,10.79483206,45.79270252,1.646784292,0.874562793,30.85881869,73.16527077,0.254479,0.344356421,0.431965168,0.776321589,-6.252855956,-3.046504304,
Alek Thomas,25,ARI,OF,,405.71135,371,46.32537744,90.1315191,59.40354961,18.37337081,2.742158777,9.612439901,42.41338641,7.776677675,2.442354252,23.90018842,94.8094204,0.2429421,0.300917623,0.384977162,0.685894786,-6.271671674,-3.193750661,
Dillon Dingler,27,DET,C,,412.9869,380,43.07978685,92.566708,58.90721096,19.31109689,1.687498192,12.66090196,50.35231747,0.971242928,0.748406679,28.5088524,101.8302836,0.2435966,0.297775497,0.403251335,0.701026831,-6.286238149,-2.449349964,258
Tyler Stephenson,29,CIN,C,,432.0331,380,46.32190941,88.984296,57.32827316,16.89642119,0.922627322,13.83697432,50.35847755,0.835792074,0.906444813,44.38050916,119.3085784,0.2341692,0.319631332,0.392728671,0.712360002,-6.32945547,-2.492567285,268
Bo Naylor,26,CLE,C,,438.59685,385,48.22312686,83.785163,47.57680986,18.77737627,1.117585788,16.31339108,50.93913314,3.443331389,1.867724791,47.67329159,102.2912038,0.2176238,0.306700211,0.399319179,0.70601939,-6.330892346,-2.494004161,352
Gavin Lux,28,TB,OF,2B,447.4093,396,50.37526425,100.7029584,71.82214838,19.61095354,2.131376359,7.138480129,40.10189288,2.975701536,1.053721413,47.45820528,93.91818892,0.2543004,0.334219182,0.368666932,0.702886114,-6.406740427,-2.828819413,468
Miguel Andujar,30,SD,3B,OF,361.1233,336,37.30967949,91.3519488,66.11466019,15.08014045,1.068372148,9.088776016,42.83441595,2.079980079,0.804976228,20.1914593,52.79882163,0.2718808,0.316494425,0.404271314,0.720765739,-6.41029301,-2.767769895,412
Sung-Mun Song,29,SD,3B,,388.57775,339,45.88170047,81.5150925,54.67612526,16.80117136,1.48772112,8.550074763,43.33282098,8.209770154,1.235913931,37.97825173,82.93965229,0.2404575,0.330778376,0.374459972,0.705238348,-6.419991941,-3.277468827,474
Jacob Young,26,WSN,OF,,370.63155,338,44.74361618,84.2937186,65.75475562,13.40230702,1.762546909,3.374109055,33.13349695,18.38882673,6.415877562,27.71036372,68.99497061,0.2493897,0.309061562,0.329418481,0.638480044,-6.433977536,-3.356056522,
Christian Moore,23,LAA,2B,,430.8718,380,46.50204727,86.431722,56.76981441,14.8993356,2.640512664,12.12205933,44.33387272,7.70467825,2.184577604,39.91151865,139.0404185,0.2274519,0.313003822,0.376258581,0.689262403,-6.540245163,-3.318170454,439
Rhys Hoskins,32,CLE,1B,,408.64075,356,43.05144536,79.188106,46.62653367,15.49005041,0.894694452,16.17682747,50.85924385,2.218200817,1.000780027,47.1534312,108.9973118,0.2224385,0.316183426,0.407297831,0.723481257,-6.575477968,-3.369126316,
Kyle Isbel,28,KC,OF,,433.0078,401,46.57166097,97.1692774,66.64228062,18.01267817,4.566939926,7.947378687,40.00486877,8.785643866,3.380782139,27.07054226,80.20066885,0.2423174,0.292820935,0.369471251,0.662292185,-6.585598307,-3.507677293,
CJ Kayfus,24,CLE,OF,1B,341.2909,296,43.96149976,70.8271168,41.44176441,16.19348568,2.802004841,10.38986187,44.36546195,4.56619233,1.17422802,35.00620935,103.5399578,0.2392808,0.33410298,0.418223641,0.752326621,-6.647030365,-3.069109351,451
Nathaniel Lowe,30,CIN,1B,,307.15425,264,41.48463919,66.2284392,44.22163775,10.70686602,1.027949404,10.27198603,47.12255247,0.701373867,0.258585758,38.9705578,81.59697506,0.2508653,0.349522953,0.41593622,0.765459173,-6.66640876,-3.460057108,458
Gabriel Arias,26,CLE,SS,2B,446.9979,403,43.27473605,91.9423544,59.998607,18.72285041,1.724956965,11.49594002,46.28175521,8.597158692,3.896628974,27.11804924,137.4376521,0.2281448,0.298803779,0.368741784,0.667545563,-6.681099456,-2.971104604,
Jeremiah Jackson,25,BAL,OF,3B,323.38545,299,40.15676579,72.3802755,45.57815254,14.82680602,1.035206249,10.94011069,44.98949702,5.058794719,2.872111341,17.77191285,84.43423608,0.2420745,0.292921573,0.408353933,0.701275507,-6.684064046,-3.106143032,
Jasson Dominguez,23,NYY,OF,,247.3859,213,42.15105986,52.792689,33.86686481,9.844787578,1.010224331,8.070812285,34.14142472,11.85783983,2.508572909,28.38543881,72.35194348,0.247853,0.346391876,0.417231747,0.763623623,-6.695050371,-3.617129357,279
Marcelo Mayer,23,BOS,3B,,379.5178,345,42.73940521,85.141584,52.45628804,20.30773178,1.77400055,10.60356363,41.01944129,4.294085112,2.18437238,27.07712132,87.8367393,0.2467872,0.308916062,0.408139153,0.717055215,-6.713334847,-3.570811733,291
Ryan Ritter,25,COL,SS,2B,315.1705,283,43.75186526,70.8885285,45.85225716,14.45672752,2.091183234,8.488360584,39.49224311,4.97834538,1.406827771,27.63253312,92.21276668,0.2504895,0.321494919,0.406334644,0.727829563,-6.797093286,-3.087098434,
Edgar Quero,22,CHW,C,,442.0934,398,39.3989937,101.4987958,72.3794692,18.94856278,0.461455669,9.709308157,44.97778669,0.84091404,1.113442295,39.59881727,78.17878135,0.2550221,0.323380475,0.378136167,0.701516642,-6.805414932,-2.968526747,357
Cole Young,22,SEA,2B,,427.6114,374,46.90668364,88.9213798,60.6337767,18.55324951,2.121641715,7.612711877,44.30674503,5.444695308,2.467368278,43.43563501,77.71309048,0.2377577,0.327174787,0.35977553,0.686950317,-6.85555094,-3.633476231,489
Davis Schneider,27,TOR,OF,2B,363.2057,310,45.43853001,67.262963,38.94472787,13.29087748,1.265721212,13.76163643,45.7206911,4.61203044,1.130748873,48.9651493,105.0295646,0.2169773,0.32572009,0.401194168,0.726914259,-6.860681932,-3.282760918,486
Darell Hernaiz,24,ATH,SS,"3B,2B",325.86395,293,43.4857056,76.4840754,55.70028362,14.49359874,1.486469789,4.803723253,38.41817135,5.894156235,2.273745804,29.37597887,54.98119849,0.2610378,0.329266699,0.369835438,0.699102137,-6.897602778,-3.187607926,
Ryan Waldschmidt,23,ARI,OF,,291.30475,246,46.5787272,59.7244704,40.64877529,11.75662617,0.969015354,6.350053581,38.30679691,7.456194726,3.044449672,38.59498469,74.86159373,0.2427824,0.354103558,0.375891415,0.729994973,-6.913239559,-3.835318545,399
Coby Mayo,24,BAL,1B,,296.45375,259,42.46900915,59.8070109,33.9138773,12.88132207,0.757572709,12.25423883,44.13837546,2.695064461,1.178923955,30.5539247,94.07853811,0.2309151,0.321263658,0.428440907,0.749704564,-6.960955521,-3.754603869,431
Pavin Smith,30,ARI,1B,,408.5963,347,43.303924,81.8075749,52.33255221,17.15105839,1.057612933,11.26635137,44.58046976,2.405733448,1.389786116,51.76927941,104.1373496,0.2357567,0.344510364,0.388682747,0.733193111,-7.015253912,-3.808902261,450
Heriberto Hernandez,26,MIA,OF,,370.6104,324,43.64692279,72.2310048,42.84621544,15.02932751,1.562317989,12.79314386,46.86193812,3.149236816,1.267117578,40.67710276,116.4764162,0.2229352,0.314399748,0.397420987,0.711820736,-7.027634219,-3.949713205,
Nathan Lukes,31,TOR,OF,,325.2754,294,39.11409519,78.7169712,55.7813597,14.66490119,1.303263888,6.967446431,38.18678719,2.885949346,1.587248265,28.32003007,50.66466221,0.2677448,0.331551995,0.397587549,0.729139544,-7.05300653,-3.975085517,471
Thomas Saggese,23,STL,2B,"3B,SS",333.54335,306,43.17062618,75.9585636,50.56696508,16.49791015,1.191683002,7.702005367,40.48577312,3.996271644,1.650769508,23.39713619,93.18566763,0.2482306,0.304877149,0.385443973,0.690321123,-7.06788939,-3.345814681,
Jake Fraley,30,TB,OF,,359.7123,312,37.42348218,75.9556824,51.67172385,14.79014435,0.608765783,8.885048412,36.06184324,11.22926611,3.919385442,32.62045253,72.94036526,0.2434477,0.338704728,0.380187511,0.71889224,-7.089352665,-4.011431651,
Colt Emerson,20,SEA,SS,,399.10335,353,46.23518598,81.9980876,55.33187697,17.40525498,1.867112401,7.393843243,43.60809315,6.440603575,2.516738139,37.13580296,90.95754746,0.2322892,0.314442359,0.355011607,0.669453965,-7.091634925,-3.881640073,422
Abimelec Ortiz,24,WSN,1B,,348.9997,313,43.86633368,71.0142851,42.68121346,14.11584656,1.521158129,12.69606694,45.45563697,1.585141217,1.549707186,31.39385829,100.6586115,0.2268827,0.300603058,0.403388654,0.703991712,-7.097554626,-3.891202974,
Denzel Clarke,25,ATH,OF,,380.85845,348,43.1742712,78.9033972,50.08826783,17.09262355,3.500674421,8.2218314,36.54066169,13.61121487,2.637983676,29.95612269,127.6028757,0.2267339,0.288200347,0.36684731,0.655047657,-7.176659812,-4.098738798,441
Mauricio Dubon,31,ATL,OF,"3B,2B,SS",398.237,371,41.29220619,95.8547877,69.9394496,18.61970054,1.089743495,6.205894065,37.71526092,3.655232788,0.927878251,20.70891605,48.33475206,0.2583687,0.303005852,0.364613632,0.667619483,-7.183296178,-3.605375164,407
Romy Gonzalez,29,BOS,1B,2B,267.44795,247,33.70974704,66.0625706,43.25263085,13.06294689,1.998018267,7.748974588,36.10625332,6.926232389,2.869879283,15.64241401,68.5399544,0.2674598,0.316952416,0.43064161,0.747594026,-7.21310699,-3.506755338,436
Will Benson,27,CIN,OF,,293.96785,256,41.67232218,56.8645632,32.18704307,11.51978403,1.914810904,11.2429252,39.91585418,7.221981268,2.569339874,34.29228926,94.08861207,0.2221272,0.31653093,0.413838846,0.730369777,-7.239326433,-4.161405419,
Kyle Karros,23,COL,3B,,313.62995,277,42.36442188,72.8619138,50.42619866,14.89500718,1.338609898,6.202098056,35.391221,3.02533946,0.696106981,30.75392625,79.70797655,0.2630394,0.343416375,0.39364778,0.737064155,-7.273051231,-4.130528116,
Javier Baez,33,DET,SS,"3B,OF,2B",373.2232,349,39.65283543,82.3146863,56.32444985,15.03413272,1.283988036,9.672115693,42.7574969,5.757883498,1.233209097,14.62604551,92.73665335,0.2358587,0.279105009,0.369435937,0.648540946,-7.286977406,-3.576982554,395
Yoan Moncada,30,LAA,3B,,386.51995,345,39.15663561,82.574163,52.1753191,17.21828628,1.425138764,11.75541886,43.32655541,0.937697084,0.098131902,36.17571729,100.0817483,0.2393454,0.315514982,0.399736184,0.715251165,-7.370737017,-4.228213902,499
Jett Williams,22,MIL,SS,,289.0269,248,45.45704324,54.7757848,32.55682272,12.82961414,2.635979046,6.753368884,38.26666037,9.873373245,3.51500009,35.80004506,88.69202568,0.2208701,0.326422402,0.375554289,0.701976691,-7.373495766,-4.163500914,
Luis Matos,24,SF,OF,,258.5991,237,37.14098474,59.0007708,37.08567129,12.55290223,0.418247049,8.94395023,38.94632573,4.718682017,0.765029919,17.65596603,40.68969393,0.2489484,0.304811217,0.418658303,0.72346952,-7.389126012,-4.311204999,
Max Muncy (ATH),23,ATH,3B,2B,350.43205,322,38.25479748,77.0950432,49.83381015,15.97819821,0.855022041,10.42801279,42.97182955,3.020070654,1.977997188,23.73335694,101.5624783,0.2394256,0.296065598,0.391513428,0.687579026,-7.390244881,-3.747721766,421
Javier Sanoja,23,MIA,3B,"OF,2B,SS,RP",308.66165,282,37.38686924,73.6793808,50.12239459,16.23381901,2.438317843,4.884849365,36.56821905,7.022490369,4.116326387,21.81638653,35.10484371,0.2612744,0.319806737,0.388100651,0.707907388,-7.393355091,-3.750831976,397
David Hamilton,28,MIL,2B,SS,252.19585,225,36.11857179,49.1083425,32.28548693,8.747636345,1.373364288,6.70185494,28.55744699,22.88104864,5.10266928,24.21200417,70.94386729,0.2182593,0.296915304,0.358703432,0.655618736,-7.399152092,-3.677077383,
Anthony Santander,31,TOR,OF,,237.14085,206,37.2519812,47.1572728,25.19930043,8.971336865,0.085562783,12.90107272,44.78490821,0.390347648,0.066863022,27.93841638,64.39570675,0.2289188,0.32306224,0.461179385,0.784241625,-7.429825634,-4.35190462,288
Angel Martinez,24,CLE,OF,2B,345.40835,314,42.48668669,74.0786288,48.86298051,15.40268979,1.566647126,8.246311377,38.62220634,6.114046752,1.958494517,23.96939529,79.33747582,0.2359192,0.300116472,0.373737411,0.673853883,-7.435252557,-3.857331543,
James Outman,28,MIN,OF,,301.7934,264,46.65500585,56.1544104,32.01222987,11.44484223,1.515700901,11.1816374,37.29226165,6.140772013,1.314658718,34.80871608,118.49559,0.2127061,0.306293304,0.394604419,0.700897723,-7.479976563,-4.40205555,
Nathan Church,25,STL,OF,,296.5278,268,40.16461834,67.7167124,49.28767104,11.91596482,1.318568811,5.194507735,34.73625278,7.401278887,2.095807449,22.04273494,47.21278277,0.2526743,0.319521624,0.365124396,0.68464602,-7.522861406,-4.444940392,
Jhostynxon Garcia,23,PIT,OF,,334.8881,308,43.55242048,71.2837048,44.98279202,14.12092517,2.260525615,9.919461992,38.45582183,3.866853724,1.412835306,24.5062814,101.8645868,0.2314406,0.287705231,0.388584634,0.676289865,-7.541419527,-4.463498513,
Carlos Narvaez,27,BOS,C,,406.83485,362,40.52041445,82.5695936,52.75751451,17.4726906,0.415959975,11.92342852,43.90013384,2.332098209,1.177303974,40.37975718,104.0830679,0.2280928,0.306832542,0.377470966,0.684303508,-7.578406407,-3.741518222,327
Ben Williamson,25,TB,3B,,332.83675,302,41.61682838,76.6409258,56.54493592,14.95338571,1.261889949,3.880714215,34.39685007,6.848191008,1.917882473,26.59637536,76.33666716,0.2537779,0.317914785,0.350199451,0.668114235,-7.606539134,-4.464016019,
Ryan Mountcastle,29,BAL,1B,,262.20205,240,34.6857508,61.259184,39.30999442,11.87672006,0.391812003,9.680657514,39.03689786,1.723794086,0.127226366,18.6816653,72.90806156,0.2552466,0.312439742,0.429006253,0.741445994,-7.615518904,-4.409167252,476
Austin Martin,26,MIN,OF,,343.08105,299,38.79868069,76.0849453,55.7756125,15.59234566,0.95941384,3.757573302,27.88319959,12.91495043,4.37533927,38.52685251,56.87785259,0.2544647,0.344937972,0.350731901,0.695669874,-7.624217646,-4.546296633,
Sean Murphy,31,ATL,C,,365.3192,321,39.20963776,70.9782681,42.50995565,13.41757167,0.220730115,14.83001067,44.85693835,0.231964809,0.276323057,37.14498121,97.72435628,0.2211161,0.309607704,0.402888885,0.712496588,-7.628659821,-3.791771636,375
Luis Campusano,27,SD,DH,,297.47845,261,39.00040581,63.7284483,42.37923773,10.81883831,0.687662168,9.842710093,39.3667047,0.947453478,0.078450963,32.64359238,66.4789912,0.2441703,0.330135913,0.404025828,0.734161742,-7.651218001,-4.850244289,
Everson Pereira,24,CHW,OF,,280.72595,247,41.21347052,55.1745883,33.3747702,9.750904739,1.138692147,10.91022121,35.72092061,6.007204158,1.448265904,26.19584308,97.43631881,0.2233789,0.309523221,0.404589235,0.714112456,-7.671427461,-4.593506447,
Zack Gelof,26,ATH,2B,,250.7027,221,39.46933496,49.4898339,29.47766351,10.0602766,0.348409095,9.603484693,36.75222069,7.257944592,2.207451927,27.14336451,96.74104936,0.2239359,0.308554458,0.402974583,0.711529041,-7.682226889,-4.46015218,436
Kody Clemens,29,MIN,1B,"OF,2B",291.8635,265,37.67877424,60.6385985,35.16765141,11.77422158,1.738987737,11.95773778,39.75183252,3.129810984,0.98974201,23.13294819,73.47752132,0.2288249,0.292622768,0.421750977,0.714373745,-7.72541249,-4.019060838,441
Harry Ford,23,WSN,C,,335.57125,286,43.14366215,65.8577348,44.32830457,13.07610545,0.853369623,7.599955152,37.23497637,6.029076397,2.842813396,40.99948087,83.66811397,0.2302718,0.338039952,0.361679877,0.69971983,-7.728981926,-3.892093741,433
Masataka Yoshida,32,BOS,DH,,257.39505,232,31.53468566,64.235812,44.12057081,12.79952861,0.392421301,6.92329128,35.15471679,2.917946068,0.15638553,20.37179424,37.06853423,0.2768785,0.34199122,0.424957142,0.766948362,-7.756112584,-4.955138871,486
Carlos Santana,39,ARI,1B,,376.8397,322,39.34475713,72.6577222,47.5271755,14.376168,0.426623574,10.32775512,43.35149241,3.516939206,0.423320246,45.98706417,75.0238737,0.2256451,0.331545399,0.369162741,0.70070814,-7.790333894,-4.583982242,519
Dane Myers,29,CIN,OF,,278.8987,252,33.58893101,61.295976,43.35195368,10.05766463,0.476556076,7.409801613,33.5011641,10.52074549,2.932951887,22.2577239,72.35903503,0.243238,0.309566289,0.375143483,0.684709771,-7.812589786,-4.734668772,
Kristian Campbell,23,BOS,2B,,260.006635,225,39.51409472,55.96119,38.6401094,9.981552904,0.787459331,6.552068359,36.81445765,3.174289321,0.957370073,31.91332096,79.99945662,0.2487164,0.343297939,0.387439407,0.730737347,-7.835615176,-4.613540467,425
Carson Kelly,31,CHC,C,,357.67515,307,36.86866016,71.862867,47.98287095,11.72328163,0.882982827,11.27373159,40.79715104,1.80252047,0.331679544,35.658239,70.15464592,0.234081,0.335950934,0.388186674,0.724137608,-7.856875039,-4.019986855,300
Ronny Mauricio,24,NYM,3B,,251.42845,231,35.48849518,55.919094,36.27646269,10.59612346,0.352399796,8.694108059,34.34721051,6.692131859,1.746025603,18.36799697,72.12069202,0.242074,0.298888371,0.403906239,0.70279461,-7.859201996,-4.716678882,
Amed Rosario,30,NYY,3B,2B,287.4256,266,33.79799752,70.1596014,51.04686657,11.75565463,1.952605515,5.404474685,34.53541526,5.378815059,1.212567569,12.99357171,54.33759092,0.2637579,0.312587825,0.383586057,0.696173882,-7.872150495,-4.229627381,583
Graham Pauley,25,MIA,3B,,337.56185,296,38.78601593,67.8657256,41.9335044,15.16768219,1.187348355,9.57719065,38.44445155,4.702672242,1.390170396,32.16244906,75.05165282,0.2292761,0.318205948,0.385607015,0.703812963,-7.936251109,-4.793727994,
Victor Caratini,32,MIN,C,1B,354.5866,321,32.16847784,81.1602276,58.22710226,12.51844936,0.45630547,9.958370509,37.91857174,0.892888518,0.333326259,26.61849091,60.17835546,0.2528356,0.317274764,0.387745793,0.705020557,-7.981766351,-3.644878166,437
Blaze Alexander,26,BAL,3B,2B,341.48255,301,39.18542717,68.6575883,46.12288864,12.80916129,1.30483072,8.420707654,38.61064062,5.803441722,3.267435305,31.83623496,107.3080282,0.2280983,0.314098441,0.363250943,0.677349385,-7.985162009,-4.342638895,
Casey Schmitt,26,SF,2B,"3B,1B",293.0111,266,35.78960601,64.5843478,41.52194476,12.82540356,0.831852474,9.405147006,38.38736324,1.76308803,0.57208766,21.89800873,71.74517063,0.2427983,0.306793339,0.403341719,0.710135058,-7.997139166,-4.275064456,
Keibert Ruiz,27,WSN,C,,354.46755,330,31.35344667,82.100139,56.93351727,15.49185742,0.423459307,9.251305001,40.78594996,1.723642786,1.131478278,17.91557947,40.93302032,0.2487883,0.294313855,0.382402515,0.67671637,-8.017435581,-4.180547396,440
Vaughn Grissom,25,LAA,2B,,279.8995,252,39.92166137,62.6544576,44.46958416,11.64533177,0.41825549,6.121286182,31.83909122,4.67024764,1.388001037,23.63869061,62.16974381,0.2486288,0.317506149,0.371032377,0.688538525,-8.046420052,-4.824345343,
Joe Mack,23,MIA,C,,332.74015,300,40.12404004,65.41923,41.17742182,12.97840014,0.791454587,10.47195345,42.22688454,2.858089343,0.933135471,28.42409544,102.39388,0.2180641,0.288261201,0.371321332,0.659582534,-8.076254246,-4.239366062,
Brice Matthews,23,HOU,2B,,219.63896,190,35.95559426,41.230855,25.06731521,7.409216043,0.875106776,7.879216966,34.45451538,10.35743355,3.243679802,27.37957452,92.91385681,0.2170045,0.317971288,0.389620713,0.707592001,-8.088452814,-4.866378105,
Chase DeLauter,24,CLE,OF,,363.25945,328,34.18542091,81.1000992,53.63691507,17.19092839,0.568200176,9.704055564,35.29965404,2.451308421,1.368395923,30.26045708,62.71637658,0.2472564,0.313979432,0.391889008,0.70586844,-8.091430156,-5.013509143,282
Matt Vierling,29,DET,OF,,303.0628,272,38.29895325,65.9567904,44.95133871,12.14554452,1.522196576,7.337710594,34.51577906,4.19219496,1.177565111,26.74411711,74.23967901,0.2424882,0.313645585,0.379264191,0.692909776,-8.091613931,-5.013692917,
Patrick Bailey,26,SF,C,,465.58925,425,42.83504975,95.4783325,65.27323513,19.36798863,1.900401629,8.936707112,44.32481305,2.377195672,0.386500891,35.72266492,117.9321183,0.2246549,0.285705999,0.342252343,0.627958342,-8.102940922,-4.266052737,396
Nick Yorke,23,PIT,2B,,265.26685,236,37.50823573,59.7764872,42.16552163,11.48653681,1.007663254,5.116765505,32.08469387,5.700276733,2.192113103,22.88266692,72.16860344,0.2532902,0.32978242,0.375545115,0.705327535,-8.109282422,-4.887207713,
Luke Raley,31,SEA,OF,1B,331.7022,300,36.57827764,66.69186,41.25289044,12.99358802,0.930913933,11.51446761,38.17411404,5.001455619,1.840088752,25.27600579,100.9341873,0.2223062,0.290092649,0.386968929,0.677061578,-8.113725308,-4.535804295,
Michael Massey,27,KC,2B,OF,313.67915,293,33.44382525,72.5951743,47.85174941,14.85273149,0.942940879,8.947752522,37.13042408,2.111343156,1.154843072,17.09010475,60.3774408,0.2477651,0.291288896,0.396508686,0.687797583,-8.135918628,-4.413843919,
Aidan Miller,21,PHI,SS,,217.34614,186,37.57064495,41.6534352,26.96248557,8.97008615,0.503780941,5.217082537,31.54871972,11.73239498,4.022762314,28.49143779,73.93011608,0.2239432,0.33118597,0.361732962,0.692918931,-8.188517447,-4.978522595,446
George Valera,25,CLE,DH,,344.588,306,36.92688027,69.7082994,43.83876818,12.76151727,0.983759078,12.12425488,37.71011044,1.772452929,0.947958156,32.90978672,93.4958777,0.2278049,0.308429994,0.394804247,0.703234241,-8.19284533,-5.391871617,479
Ezequiel Duran,26,TEX,SS,"3B,OF,1B,2B",300.9991,278,33.95874815,67.8530446,44.91852816,15.75926503,0.882195595,6.293055819,30.91229257,9.44781305,2.463867381,17.13604221,73.00820449,0.2440757,0.295819011,0.375021109,0.67084012,-8.215016534,-4.505021683,
Ramon Urias,31,STL,3B,2B,325.277,290,33.50912888,71.744289,48.61999884,13.66551617,0.930415321,8.528358668,36.0285378,2.180150173,0.404244172,26.09197769,75.3337992,0.2473941,0.321983972,0.389157627,0.711141599,-8.268084151,-4.625561037,
Freddy Fermin,30,SD,C,,407.5803,370,34.74637083,89.411647,65.80313433,14.32098092,0.379190419,8.908341329,37.89088876,2.124530258,1.13415997,27.05576962,77.01839007,0.2416531,0.306413631,0.354637926,0.661051557,-8.276958516,-4.440070331,413
Garrett Mitchell,27,MIL,OF,,317.8663,284,32.26246994,66.65764,42.94425654,13.16160771,2.372815451,8.1789603,29.8587586,11.39097314,2.87286194,28.66290198,92.25919739,0.23471,0.310692229,0.384161125,0.694853354,-8.30044312,-5.222522106,
Griffin Conine,28,MIA,OF,,364.8605,313,37.90242137,68.5425867,40.61398418,14.66742534,1.398704359,11.86247282,42.00717951,0.805673224,1.366744858,36.33968488,122.839869,0.2189859,0.324161642,0.388481914,0.712643556,-8.319879561,-5.241958547,482
Jake Bauers,30,MIL,1B,"OF,RP",303.2161,261,33.65753785,55.5859008,32.23271142,11.02846019,0.874813457,11.44991573,36.27058013,8.061911231,1.738187299,36.96274048,87.18972596,0.2129728,0.317121985,0.393539215,0.710661199,-8.334652812,-4.62830116,
Jonny DeLuca,27,TB,OF,,297.2854,272,32.11115411,62.6047984,40.63913466,11.7179039,2.290685882,7.957073954,31.29525369,11.45933721,2.118111693,21.36128501,61.13045357,0.2301647,0.290467475,0.377850353,0.668317828,-8.368775169,-5.290854155,503
Eric Wagaman,28,MIN,1B,OF,243.8891,220,34.80162397,55.5907,35.83177859,12.71798588,0.577942291,6.462993241,33.44468596,2.510988415,0.63407036,20.64114839,56.11609153,0.252685,0.318491371,0.403879774,0.722371144,-8.421929179,-4.715577527,
Zac Veen,24,COL,OF,,228.9225,205,32.45858618,50.785675,32.40317818,10.49917691,1.546281863,6.337038043,29.97388662,7.775376121,2.408792793,20.89653051,65.3784065,0.247735,0.32139089,0.406773316,0.728164206,-8.435439702,-5.357518688,493
Adael Amador,22,COL,2B,,234.117335,199,33.14645472,49.6963695,32.93481375,10.2891314,0.597360696,5.875063652,30.76696815,6.643460941,2.988628646,29.0724246,47.56833613,0.2497305,0.355918752,0.396007102,0.751925854,-8.457782189,-5.23570748,
Victor Robles,28,SEA,OF,,281.1378,257,30.8063529,62.4955638,45.22668709,11.45121106,1.208663498,4.609002153,24.34405318,15.65506064,3.780961119,17.70884191,61.64051343,0.2431734,0.301609,0.350938165,0.652547165,-8.496189923,-5.418268909,402
Max Anderson,23,DET,2B,,194.696555,178,37.22590061,44.5513886,29.78744225,9.538284753,0.383626675,4.842034919,35.14703596,0.821726238,0.630705352,14.83201843,45.07653293,0.2502887,0.309599469,0.389792312,0.69939178,-8.57875884,-5.356684131,
Ryan Clifford,22,NYM,1B,,220.061895,181,35.84309808,37.9152103,20.3844457,7.821110425,0.202612823,9.50704135,39.4199775,1.571424967,0.697182081,34.67826792,85.26254723,0.2094763,0.343185982,0.412500942,0.755686924,-8.61558187,-5.409230218,
Dalton Rushing,25,LAD,C,,251.23605,218,35.1649879,49.3120578,28.96317477,10.42805605,0.435494491,9.485332486,37.31293979,0.799141578,0.30252136,30.62525854,77.45292653,0.2262021,0.322642271,0.40856468,0.731206951,-8.628802475,-4.79191429,438
Travis Bazzana,23,CLE,2B,,293.8762,253,43.12108056,54.583485,34.68798549,11.37596333,1.808461192,6.71107499,32.25463339,5.369527682,1.366089012,37.77652743,90.93465899,0.215745,0.319267151,0.354583382,0.673850533,-8.645063131,-5.422988421,454
Jahmai Jones,28,DET,OF,,215.21885,185,34.99682882,44.6223145,26.46843225,10.22992886,1.12409022,6.799863164,31.16818237,3.936275343,1.520069495,27.40699528,56.96196978,0.2412017,0.342803119,0.418918991,0.76172211,-8.64645841,-5.568537396,
Johan Rojas,25,PHI,OF,,217.7525,201,33.44053617,49.1144907,35.86878318,8.075564816,2.011156219,3.158986482,25.62555191,12.5015592,2.348122772,14.34804718,55.81714671,0.2443507,0.297731744,0.351688196,0.64941994,-8.656525045,-5.578604031,753
Charlie Condon,22,COL,1B,,265.8128,237,32.38487289,57.6028737,36.8946606,10.86837835,1.428242222,8.411592533,34.43670594,1.575805156,1.143475466,23.71396933,84.9019331,0.2430501,0.319779937,0.407436768,0.727216705,-8.666626994,-5.460275342,478
Ryan Bliss,26,SEA,2B,,216.081275,192,34.50976509,41.5944,26.93540506,8.754702132,0.683756812,5.220536001,28.71737706,12.4196849,5.069405139,21.60900109,72.27648644,0.2166375,0.299268672,0.350928249,0.65019692,-8.750386604,-5.528311895,
Jacob Melton,25,TB,OF,,221.6365,200,31.30029557,44.43084,28.92613277,8.306004194,0.490991179,6.707711862,27.25996743,12.71397796,3.113705015,19.04776566,66.92417641,0.2221542,0.292441482,0.369209811,0.661651293,-8.774552494,-5.69663148,416
Hyeseong Kim,27,LAD,2B,"OF,SS",213.0024,196,27.99681899,49.3274572,35.55584068,8.674497226,1.491771439,3.605347852,27.50730905,11.92495242,1.54922429,12.97714464,59.73132865,0.2516707,0.305130621,0.366334392,0.671465013,-8.786251624,-5.064176915,407
Edmundo Sosa,29,PHI,2B,"3B,SS",253.00755,240,30.17425503,60.064632,39.93081211,10.52717865,1.910218442,7.696422791,31.5046349,2.565825933,0.989175781,10.46339236,58.52303173,0.2502693,0.283817048,0.406256316,0.690073364,-8.822004833,-5.099930123,491
Tim Tawa,26,ARI,2B,"OF,1B",264.9098,236,33.49669102,53.0528236,33.85372146,10.37825029,0.710017172,8.110834677,32.4920947,5.497251781,2.041895972,25.37057371,76.22148472,0.2248001,0.303196823,0.377896662,0.681093485,-8.867262218,-5.145187508,499
Danny Jansen,30,TEX,C,,331.5935,286,33.81171323,61.2319422,36.45625289,12.19763496,0.098653448,12.4794009,38.32652785,0.616696148,0.300085578,37.05303271,76.15481813,0.2140977,0.315744142,0.388339464,0.704083606,-8.914940387,-5.078052202,437
Gabriel Rincones Jr.,24,PHI,OF,,196.441545,164,35.21322958,35.371602,20.82466085,7.660080311,0.284218985,6.602641852,31.49819658,5.820069015,1.769052237,26.8698821,67.48620198,0.2156805,0.338495684,0.386634426,0.725130109,-8.932465178,-5.854544164,
Jesus Rodriguez,23,SF,C,,205.25664,180,32.78961421,47.533734,35.46912048,8.081545611,0.702958811,3.280109098,27.15298325,4.890354305,1.950824295,21.50552049,40.48241136,0.2640763,0.349523981,0.371452914,0.720976895,-8.948914827,-5.112026642,587
Tyler Austin,34,CHC,1B,,218.54195,188,29.56844443,46.0133008,26.62814446,10.05504206,0.366621768,8.963492513,33.31402897,0.250087308,0.076382414,25.6628764,66.40351847,0.2447516,0.345488953,0.445170553,0.790659506,-8.963370456,-5.757018804,
Isiah Kiner-Falefa,30,BOS,SS,"3B,2B",263.00425,244,31.10435605,62.125816,49.07880645,9.154385641,1.165551324,2.72707259,27.54950267,7.947699783,2.005512279,15.33396085,47.33204959,0.254614,0.301292343,0.335215254,0.636507597,-8.971216333,-5.261221481,499
Henry Davis,26,PIT,C,,309.5398,279,33.99705733,61.8775686,39.92842615,12.33901906,0.524144279,9.085979108,33.85825562,3.973681854,1.569649462,26.40079363,80.64592858,0.2217834,0.293255844,0.367465282,0.660721125,-9.001596148,-5.164707964,516
Oswald Peraza,25,LAA,3B,"1B,2B,SS",278.28055,251,33.16385087,54.8624003,37.59947188,9.312772342,0.159528946,7.790627131,29.23481241,9.106064259,2.157630144,21.52686762,78.16020713,0.2185753,0.28849242,0.350064191,0.638556611,-9.01448765,-5.371964535,
Braxton Fulford,27,COL,C,,238.58845,215,31.465827,52.076139,31.9330555,11.70759544,1.26139972,7.174088341,31.01412789,2.795385167,1.267296584,19.9605007,69.27197179,0.2422146,0.311710984,0.408506041,0.720217025,-9.016708258,-5.179820073,
Braden Montgomery,22,CHW,OF,,273.6285,242,34.21783933,54.871443,35.51756502,12.09810337,0.822716374,6.433058241,34.60323704,3.905482275,1.920069428,25.57922664,94.64463845,0.2267415,0.31087766,0.363281627,0.674159287,-9.017525764,-5.93960475,
Maximo Acosta,23,MIA,3B,,226.225655,202,33.8853233,45.7407386,30.69769919,8.756973791,0.607748465,5.678317153,28.61915533,7.818957793,3.805174427,21.6080348,68.97399502,0.2264393,0.301757154,0.36013941,0.661896564,-9.033599252,-5.891076137,
Tyler Fitzgerald,28,SF,2B,,197.83995,177,33.86472437,40.2982449,25.31734328,8.465230696,0.526948401,5.988722527,29.91157079,5.64006545,1.289966234,16.67724033,72.54391794,0.2276737,0.303349184,0.382957853,0.686307037,-9.04083466,-5.818759951,582
Pedro Pages,27,STL,C,,350.1002,316,31.41708975,71.9591724,48.16726419,13.08631782,0.83725204,9.868338351,37.94658339,0.934516633,0.289871068,23.70522312,90.35090448,0.2277189,0.296736168,0.368117118,0.664853286,-9.041572816,-5.204684631,454
Triston Casas,26,BOS,1B,,224.5097,189,28.56754065,45.3781818,26.68327012,8.827439293,0.137097342,9.730375041,33.30091877,0.231358303,0.334144035,32.02792255,62.31275624,0.2400962,0.353409137,0.442703391,0.796112528,-9.055239842,-5.84888819,387
Taylor Walls,29,TB,SS,,310.058,274,35.73747376,57.9934974,39.05586241,12.47314788,1.469580006,4.994907108,27.66268802,13.84677866,3.974227696,33.04918431,70.11346863,0.2116551,0.29829798,0.322593163,0.620891143,-9.10327597,-5.893281119,
Nolan Jones,27,CLE,OF,,241.6582,208,32.71839607,48.2060384,31.27518903,9.767130275,0.643048901,6.520670196,29.94469624,4.737756484,1.776722741,29.98422132,79.13199917,0.2317598,0.331701753,0.378948447,0.7106502,-9.133576833,-6.055655819,
Drew Gilbert,25,SF,OF,,239.490115,206,32.56157767,47.0395026,28.46892296,10.41729565,1.387673068,6.76561092,32.9696072,2.569388354,1.051371394,25.04020997,57.63318756,0.2283471,0.330608058,0.390917365,0.721525423,-9.221297648,-6.143376634,
Liam Hicks,26,MIA,C,1B,328.77155,287,32.34522449,69.9471521,51.17322838,12.79964027,0.994942269,4.979341177,32.4074507,2.02344652,0.142964827,38.58089415,52.55062495,0.2437183,0.333845731,0.347298608,0.681144339,-9.232593428,-4.895705244,425
Jorge Mateo,30,ATL,SS,OF,198.046,182,27.1282853,40.8702658,26.49511228,8.870275532,1.374512927,4.130365064,20.56536247,17.34738324,2.879611029,12.40794063,57.93247798,0.2245619,0.27997189,0.356487156,0.636459045,-9.30359786,-5.593603008,531
Alejandro Osuna,23,TEX,OF,,190.77956,165,30.74932736,40.492287,27.47645401,8.017828647,0.56326118,4.434743167,25.57529261,6.512576423,2.574171517,21.66677869,50.89194628,0.2454078,0.341575429,0.381459803,0.723035232,-9.307096836,-6.229175822,
Tommy Troy,24,ARI,2B,,220.254635,193,31.24249396,46.5291541,32.73218858,9.516617111,0.758369815,3.521978595,29.09603445,5.662939678,1.472723714,24.79931539,59.89645839,0.2410837,0.328377686,0.352997133,0.681374818,-9.354388821,-6.132314112,
Connor Wong,29,BOS,C,,264.34715,242,31.1574365,58.2002014,39.22523036,12.35282845,0.545656609,6.076485973,28.05573481,3.741531062,1.794663129,19.66286765,68.73598885,0.2404967,0.299041703,0.371379343,0.670421046,-9.365204528,-5.528316343,543
Joey Bart,29,PIT,C,,306.3819,270,30.63965475,64.205352,45.48172391,10.76541732,0.516881996,7.441328776,31.01180697,1.239114581,0.881558005,32.03917143,85.78134711,0.2377976,0.322493179,0.364179702,0.686672881,-9.410802241,-5.573914056,450
Daniel Schneemann,29,CLE,2B,"3B,OF,SS",265.91315,232,34.21841055,50.4064544,31.96442736,10.22422343,1.222121704,6.995681903,29.76598171,4.802052512,1.750504171,29.018922,79.0577909,0.2172692,0.310473879,0.362336064,0.672809943,-9.426327295,-5.704252585,553
Jose Fermin,26,STL,2B,,219.6093,190,29.57308744,46.150145,31.6522472,9.937926664,0.445285357,4.114685774,25.69967836,7.213506673,3.150531892,27.13496758,29.89311874,0.2428955,0.339622923,0.364856314,0.704479237,-9.43178675,-6.209712041,
Michael Conforto,32,LAD,OF,,223.596825,192,32.68358773,43.1380032,26.4627772,8.842918408,0.130270601,7.702036993,31.51642279,0.436701039,0.060240105,28.56604348,64.45928345,0.2246771,0.328863887,0.39243528,0.721299167,-9.467588129,-6.389667116,
Miguel Amaya,26,CHC,C,,281.14205,257,26.75737747,60.9417932,39.16797083,12.94675902,0.895989024,7.931074331,33.90436513,0.685843077,0.117959493,20.45946567,60.88007529,0.2371276,0.295615877,0.387057406,0.682673283,-9.521948746,-5.685060561,425
Kevin Alcantara,23,CHC,OF,,184.64834,160,30.2908369,36.962848,23.45131284,7.124264978,0.248530704,6.138739483,28.14970009,2.996633641,1.064877328,21.50974846,72.49588656,0.2310178,0.32666311,0.393752455,0.720415565,-9.602198582,-6.524277568,
Jerar Encarnacion,28,SF,OF,,190.175825,168,26.29509381,38.8675056,24.15108556,7.168909023,0.08411044,7.463400576,30.31344733,2.247530474,0.348339114,17.06634394,71.52987016,0.2313542,0.314423523,0.408302603,0.722726125,-9.690188283,-6.612267269,
Dylan Moore,33,PHI,2B,"3B,OF,1B",172.552915,149,28.68639599,31.3496149,17.9358231,6.075969772,1.08055299,6.257269041,23.26053751,9.517366139,2.763836449,20.27458081,58.47715101,0.2104001,0.310733494,0.39166777,0.702401264,-9.711799276,-5.989724566,565
Jimmy Crooks,24,STL,C,,226.1901,202,30.44812623,48.0094612,32.36674311,9.360974463,0.608181809,5.673561821,29.9075145,0.491606584,0.059367981,19.98299776,69.39753306,0.2376706,0.314700647,0.374294479,0.688995126,-9.725948848,-5.889060663,
Rob Refsnyder,34,SEA,OF,,242.7562,209,26.24858287,49.5239503,32.16213308,9.770758469,0.432507616,7.158551135,27.8814382,2.764066008,0.859896157,26.37765809,64.09304617,0.2369567,0.33752569,0.390599892,0.728125582,-9.791120934,-6.71319992,
Walker Jenkins,21,MIN,OF,,195.60169,171,28.49622029,41.2374366,27.44694403,8.701939558,0.662969322,4.425583694,25.47933719,4.632029787,1.038963796,22.7195572,49.217106,0.2411546,0.330270868,0.377438982,0.70770985,-9.792125791,-6.714204778,472
Enrique Hernandez,34,LAD,1B,"3B,OF,2B,RP",238.3536,215,29.88878993,48.5369165,30.84561996,10.35999581,0.101565595,7.22973514,30.29021552,0.694954405,0.282510069,19.51711364,59.43009702,0.2257531,0.296169057,0.375763948,0.671933005,-9.853907968,-6.147556317,572
Curtis Mead,25,CHW,1B,"3B,2B",187.37763,169,27.82200603,41.4155456,27.25514324,8.76017486,0.357114881,5.04311262,25.22711946,2.948474846,0.686478924,16.29359225,46.8320085,0.2450624,0.312636667,0.390646675,0.703283342,-9.877878453,-6.171526801,
Kyle Higashioka,35,TEX,C,,262.2076,240,23.78869902,53.962632,32.67763058,10.60285959,0.848925488,9.83321634,31.63048892,1.73307916,0.457233163,16.9000217,63.48947603,0.2248443,0.285744608,0.399012465,0.684757073,-9.895132929,-6.058244745,459
Miguel Rojas,37,LAD,2B,"3B,SS",210.20835,190,26.05228146,48.400144,34.15553879,9.825141292,0.400783846,4.018680069,23.04097539,3.28862725,0.836952463,17.20347026,32.15209046,0.2547376,0.320650136,0.37412049,0.694770627,-10.05224055,-6.330165839,484
Andruw Monasterio,28,BOS,SS,"1B,2B",187.474675,163,27.94363271,39.24551,27.22017969,7.845966927,0.331396465,3.847966917,22.80791064,5.049203019,1.931028041,20.59409993,52.79091916,0.24077,0.333382534,0.363792458,0.697174992,-10.0530244,-6.343029549,
Heston Kjerstad,27,BAL,OF,,166.34666,150,27.05134108,35.124855,21.54777877,6.929660066,0.674827605,5.972588562,27.83097511,0.774913308,0.28787259,14.29210649,55.01502288,0.2341657,0.30199776,0.408812906,0.710810666,-10.06467363,-6.986752612,
Nick Fortes,29,TB,C,,297.3769,275,27.67392221,62.677505,43.81514805,11.16145609,0.504491308,7.196409548,29.44985228,1.88069879,0.824174452,17.91127686,50.79838616,0.2279182,0.279997796,0.350680627,0.630678423,-10.06782853,-6.230940342,
David Fry,30,CLE,DH,,226.0964,200,25.81741653,44.27686,27.04200966,8.729682051,0.70371802,7.801450266,29.53166078,1.479731592,0.35785093,19.51148256,64.37936346,0.2213843,0.305871177,0.389091644,0.694962822,-10.13970027,-7.338726558,
Mike Tauchman,35,NYM,OF,,213.77565,180,31.40044359,41.750316,28.44974721,8.057047352,0.295379743,4.948141693,23.47835472,1.458112939,0.308737348,30.66356995,56.46712813,0.2319462,0.346703798,0.3624586,0.709162397,-10.18272208,-7.104801063,587
Gary Sanchez,33,MIL,C,,193.457,173,23.44441038,37.851708,22.58007582,6.06588796,0.092964674,9.112779547,30.35355842,0.15659324,0.04919262,17.99123934,57.34928122,0.218796,0.294727077,0.412958751,0.707685828,-10.20439573,-6.367507547,565
Endy Rodriguez,25,PIT,1B,,181.758025,161,29.54999889,38.9521146,23.58691706,10.18779625,0.768654745,4.408746545,23.89120578,0.677260121,0.874597389,18.98256892,46.1348522,0.2419386,0.323452426,0.3969159,0.720368326,-10.21777157,-7.011419919,
Jose Trevino,33,CIN,C,,260.5391,242,23.91471312,58.376571,40.58389071,10.82236777,0.485956206,6.484356313,25.81204737,0.824589925,0.114319491,15.25663558,40.07118976,0.2412255,0.28995766,0.370346777,0.660304438,-10.3409161,-6.504027914,
Jonah Heim,30,ATL,C,,209.1006,187,25.68269322,42.2336508,28.26736995,7.640732628,0.265508649,6.060039576,27.61956698,1.133441184,0.090430788,18.65762513,49.58593373,0.2258484,0.300812886,0.366767484,0.667580369,-10.40250253,-6.565614347,481
Luis Torrens,29,NYM,C,,234.9819,216,22.08830577,51.6995352,35.0232752,9.590553773,0.91755788,6.168148349,26.37274726,0.935436565,0.771788927,16.21642671,51.92982484,0.2393497,0.294327137,0.377915045,0.672242183,-10.50506709,-6.668178902,
Tre' Morgan,23,TB,1B,,164.335975,139,25.52004971,34.0661756,23.88575989,6.253507761,0.495485422,3.431422531,22.48764689,2.223025996,1.035276212,23.81914516,39.62698007,0.2450804,0.357305793,0.37125843,0.728564223,-10.52990459,-7.323552942,
Jake Rogers,30,DET,C,,221.4137,198,26.4966462,41.744142,25.1748766,8.666170222,0.520841208,7.382253967,27.85513589,0.833508765,0.097828351,19.81075543,67.43077398,0.210829,0.288425793,0.371710892,0.660136685,-10.57982943,-6.742941245,634
James McCann,35,ARI,C,,212.2193,195,22.2282244,46.77231,31.93428863,8.854429833,0.143217361,5.840374179,24.50000441,1.030550082,0.329286879,12.30539072,57.09502304,0.239858,0.295155493,0.376586139,0.671741632,-10.61856384,-6.781675659,
Emmanuel Rodriguez,22,MIN,OF,,148.56682,119,27.25788389,25.5444329,15.39809447,5.095210518,0.731822675,4.319305236,19.41931609,3.240767663,0.813539873,28.1438911,61.71073428,0.2146591,0.365056093,0.378665584,0.743721677,-10.81586415,-7.737943139,
Paul DeJong,32,NYY,3B,"2B,SS",155.2951,140,22.56994227,28.69062,16.90603408,5.245709866,0.042867271,6.496008784,25.72526136,1.483730935,0.536683342,13.18192966,61.83549138,0.204933,0.275078763,0.382214934,0.657293697,-10.91804932,-7.275526209,638
Travis d'Arnaud,37,LAA,C,,230.56715,213,22.13329974,46.2283272,28.33134004,10.04414438,0.464956776,7.387886004,25.12526113,0.217799044,0.067646921,15.05550836,64.91844584,0.2170344,0.269882258,0.372610531,0.642492789,-11.09188965,-7.255001465,
Brock Wilken,23,MIL,3B,,165.203415,135,23.05706101,26.179119,14.34731305,5.377562138,0.247464951,6.206778861,24.32930973,0.505098712,0.064911017,27.15450072,69.94164,0.1939194,0.334168165,0.37534776,0.709515925,-11.27673844,-8.134215326,
Jeferson Quero,23,MIL,C,,132.013135,115,20.39335987,26.523347,17.12251404,5.711273755,0.104009802,3.585549404,21.9953331,0.812558989,0.077718237,13.54585701,32.91595422,0.2306378,0.321423417,0.375645988,0.697069405,-11.30384916,-7.46696097,
Mitch Garver,35,SEA,C,,152.03882,129,19.67647014,26.1830526,15.83227672,4.386875104,0.31539928,5.6485015,21.06435213,0.755585928,0.065034355,20.82761224,52.61687518,0.2029694,0.316638552,0.373226595,0.689865147,-11.63495883,-7.79807065,
